Ad_Reference_ID,ad_category,ad_device,ad_location,ad_type,cost_per_click,ad_video_length,total_clicks,total_impressions,ctr,avg_watch_duration,total_ad_spend,total_revenue,roas,total_conversions,conversion_rate,overall_conversion_rate,avg_user_age,unique_users,avg_watch_ratio,avg_ded_score,category_age_affinity,platforms_used,devices_used,platform_avg_roas,platform_total_spend,platform_total_revenue,active_time_slots,best_day,avg_hour,ingestion_date,ingestion_timestamp,engagement_efficiency,profit_margin,cost_per_conversion,high_performance,cost_efficiency_score,engagement_score,audience_alignment_score,ad_age_days,ad_lifecycle_stage,location_type,season,processing_date,export_timestamp,export_version,environment
AD_0000,Food,All-Devices,Tamil Nadu,Text,0.96,0.0,7,340,0.023,0.0,6.72,0.0,0.0,0,0.0219,0.0219,28.0,340,0.0,0.17,0.0534,other,All-Devices,0.0,6.72,0.0,Night,5,9.4,2026-01-01,2026-01-01,0.12,-1.0,0.0,0,0.0,0.115,0.0534,30,Declining,Rural,Spring,2026-01-01,2026-08-03T15:45:00,v2.0,Demo
AD_0001,Gaming,Mobile,Maharashtra,Image,0.89,0.0,1,151,0.0079,0.0,0.89,0.0,0.0,0,0.0272,0.0272,56.0,151,0.0,0.14,0.0163,instagram,Mobile,0.0,0.89,0.0,Afternoon,6,18.3,2026-01-02,2026-01-02,0.04,-1.0,0.0,0,0.0,0.04,0.0163,98,New,Rural,Summer,2026-01-02,2026-08-03T15:45:00,v2.0,Demo
AD_0002,Health,Mobile,Karnataka,Image,1.37,0.0,21,1340,0.0163,0.0,28.77,0.0,0.0,0,0.0082,0.0082,24.0,1340,0.0,0.19,0.035,instagram,Mobile,0.0,28.77,0.0,Morning,4,16.7,2026-01-03,2026-01-03,0.06,-1.0,0.0,0,0.0,0.081,0.035,42,Declining,Rural,Summer,2026-01-03,2026-08-03T15:45:00,v2.0,Demo
AD_0003,Gaming,All-Devices,Karnataka,Image,0.7,0.0,19,916,0.0215,0.0,13.3,0.0,0.0,0,0.0061,0.0061,44.0,916,0.0,0.15,0.0392,facebook,All-Devices,0.0,13.3,0.0,Evening,3,14.8,2026-01-04,2026-01-04,0.15,-1.0,0.0,0,0.0,0.107,0.0392,11,New,Urban,Fall,2026-01-04,2026-08-03T15:45:00,v2.0,Demo
AD_0004,Gaming,Desktop,Karnataka,Carousel,0.58,0.0,16,1017,0.0167,0.0,9.28,0.0,0.0,0,0.007,0.007,19.0,1017,0.0,0.14,0.0951,facebook,Desktop,0.0,9.28,0.0,Afternoon,5,16.8,2026-01-05,2026-01-05,0.14,-1.0,0.0,0,0.0,0.083,0.0951,27,New,Rural,Fall,2026-01-05,2026-08-03T15:45:00,v2.0,Demo
AD_0005,Fashion,Mobile,Uttar Pradesh,Text,1.16,0.0,10,1023,0.0099,0.0,11.6,52.48,4.52,1,0.0206,0.0206,45.0,1023,0.0,0.14,0.0354,other,Mobile,4.51,11.6,52.48,Morning,4,12.8,2026-01-06,2026-01-06,0.04,0.779,11.6,0,0.0862,0.05,0.0354,24,New,Urban,Summer,2026-01-06,2026-08-03T15:45:00,v2.0,Demo
AD_0006,Health,Mobile,Delhi,Video,0.71,15.6,11,891,0.0132,11.7,7.81,0.0,0.0,0,0.0146,0.0146,30.0,891,0.75,0.19,0.0515,instagram,Mobile,0.0,7.81,0.0,Morning,7,8.9,2026-01-07,2026-01-07,0.62,-1.0,0.0,0,0.0,0.441,0.0515,99,New,Semi-Urban,Fall,2026-01-07,2026-08-03T15:45:00,v2.0,Demo
AD_0007,Health,Mobile,Uttar Pradesh,Carousel,1.02,0.0,33,1011,0.0328,0.0,33.66,0.0,0.0,0,0.0268,0.0268,37.0,1011,0.0,0.17,0.0704,instagram,Mobile,0.0,33.66,0.0,Night,6,16.3,2026-01-08,2026-01-08,0.16,-1.0,0.0,0,0.0,0.164,0.0704,39,Growing,Urban,Summer,2026-01-08,2026-08-03T15:45:00,v2.0,Demo
AD_0008,Health,All-Devices,Delhi,Text,1.02,0.0,25,991,0.0253,0.0,25.5,59.89,2.35,1,0.0397,0.0397,33.0,991,0.0,0.05,0.0246,google,All-Devices,2.58,25.5,59.89,Evening,3,14.3,2026-01-09,2026-01-09,0.12,0.5742,25.5,1,0.0392,0.126,0.0246,72,Declining,Rural,Spring,2026-01-09,2026-08-03T15:45:00,v2.0,Demo
AD_0009,Gaming,Tablet,Karnataka,Text,1.35,0.0,21,1076,0.0199,0.0,28.35,0.0,0.0,0,0.0185,0.0185,25.0,1076,0.0,0.13,0.0538,other,Tablet,0.0,28.35,0.0,Afternoon,7,16.0,2026-01-10,2026-01-10,0.07,-1.0,0.0,0,0.0,0.1,0.0538,115,New,Urban,Fall,2026-01-10,2026-08-03T15:45:00,v2.0,Demo
AD_0010,Food,Mobile,Karnataka,Video,0.96,42.4,1,134,0.0054,31.0,0.96,106.04,110.46,1,0.0251,0.0251,44.0,134,0.73,0.15,0.0765,other,Mobile,100.38,0.96,106.04,Morning,4,11.7,2026-01-11,2026-01-11,0.41,0.9909,0.96,0,1.0417,0.392,0.0765,18,Declining,Rural,Summer,2026-01-11,2026-08-03T15:45:00,v2.0,Demo
AD_0011,Health,Tablet,Uttar Pradesh,Video,0.83,23.6,13,377,0.0348,12.0,10.79,0.0,0.0,0,0.0195,0.0195,55.0,377,0.51,0.16,0.088,google,Tablet,0.0,10.79,0.0,Night,4,19.7,2026-01-12,2026-01-12,0.52,-1.0,0.0,0,0.0,0.429,0.088,77,Mature,Urban,Fall,2026-01-12,2026-08-03T15:45:00,v2.0,Demo
AD_0012,Travel,Desktop,Uttar Pradesh,Video,0.34,22.8,21,865,0.0251,13.2,7.14,0.0,0.0,0,0.0347,0.0347,58.0,865,0.58,0.08,0.0664,other,Desktop,0.0,7.14,0.0,Afternoon,7,15.2,2026-01-13,2026-01-13,1.22,-1.0,0.0,0,0.0,0.416,0.0664,45,New,Semi-Urban,Spring,2026-01-13,2026-08-03T15:45:00,v2.0,Demo
AD_0013,Gaming,Mobile,Delhi,Image,0.31,0.0,7,503,0.0145,0.0,2.17,0.0,0.0,0,0.0366,0.0366,26.0,503,0.0,0.18,0.0702,other,Mobile,0.0,2.17,0.0,Afternoon,6,8.2,2026-01-14,2026-01-14,0.24,-1.0,0.0,0,0.0,0.073,0.0702,88,Declining,Urban,Fall,2026-01-14,2026-08-03T15:45:00,v2.0,Demo
AD_0014,Fashion,Mobile,Tamil Nadu,Video,0.36,14.9,21,678,0.0314,7.2,7.56,0.0,0.0,0,0.0357,0.0357,48.0,678,0.48,0.19,0.0214,facebook,Mobile,0.0,7.56,0.0,Morning,5,13.3,2026-01-15,2026-01-15,1.1,-1.0,0.0,0,0.0,0.397,0.0214,115,Growing,Semi-Urban,Summer,2026-01-15,2026-08-03T15:45:00,v2.0,Demo
AD_0015,Food,Desktop,Delhi,Text,0.38,0.0,16,1294,0.0128,0.0,6.08,0.0,0.0,0,0.0391,0.0391,46.0,1294,0.0,0.09,0.0951,instagram,Desktop,0.0,6.08,0.0,Afternoon,3,17.6,2026-01-16,2026-01-16,0.17,-1.0,0.0,0,0.0,0.064,0.0951,87,Declining,Rural,Fall,2026-01-16,2026-08-03T15:45:00,v2.0,Demo
AD_0016,Travel,Mobile,Uttar Pradesh,Video,1.01,11.6,26,1227,0.0213,6.8,26.26,0.0,0.0,0,0.006,0.006,32.0,1227,0.59,0.18,0.0219,other,Mobile,0.0,26.26,0.0,Morning,1,18.1,2026-01-17,2026-01-17,0.4,-1.0,0.0,0,0.0,0.401,0.0219,12,New,Semi-Urban,Fall,2026-01-17,2026-08-03T15:45:00,v2.0,Demo
AD_0017,Travel,Tablet,Uttar Pradesh,Text,1.15,0.0,17,714,0.0241,0.0,19.55,0.0,0.0,0,0.0344,0.0344,19.0,714,0.0,0.06,0.0797,facebook,Tablet,0.0,19.55,0.0,Night,2,13.9,2026-01-18,2026-01-18,0.1,-1.0,0.0,0,0.0,0.12,0.0797,49,Mature,Rural,Summer,2026-01-18,2026-08-03T15:45:00,v2.0,Demo
AD_0018,Fashion,All-Devices,Maharashtra,Carousel,0.87,0.0,1,61,0.0116,0.0,0.87,50.83,58.43,1,0.0313,0.0313,47.0,61,0.0,0.06,0.0338,instagram,All-Devices,55.66,0.87,50.83,Night,5,19.5,2026-01-19,2026-01-19,0.07,0.9829,0.87,0,1.1494,0.058,0.0338,94,Declining,Rural,Winter,2026-01-19,2026-08-03T15:45:00,v2.0,Demo
AD_0019,Food,Tablet,Uttar Pradesh,Image,1.27,0.0,41,1206,0.0344,0.0,52.07,0.0,0.0,0,0.013,0.013,58.0,1206,0.0,0.07,0.094,google,Tablet,0.0,52.07,0.0,Afternoon,3,10.7,2026-01-20,2026-01-20,0.14,-1.0,0.0,0,0.0,0.172,0.094,31,Mature,Semi-Urban,Fall,2026-01-20,2026-08-03T15:45:00,v2.0,Demo
AD_0020,Gaming,All-Devices,Maharashtra,Carousel,1.49,0.0,9,353,0.0274,0.0,13.41,0.0,0.0,0,0.0385,0.0385,45.0,353,0.0,0.06,0.0748,facebook,All-Devices,0.0,13.41,0.0,Morning,7,12.7,2026-01-21,2026-01-21,0.09,-1.0,0.0,0,0.0,0.137,0.0748,92,Growing,Semi-Urban,Fall,2026-01-21,2026-08-03T15:45:00,v2.0,Demo
AD_0021,Electronics,All-Devices,Tamil Nadu,Carousel,1.26,0.0,29,1366,0.0217,0.0,36.54,0.0,0.0,0,0.0102,0.0102,36.0,1366,0.0,0.18,0.0778,facebook,All-Devices,0.0,36.54,0.0,Evening,4,19.6,2026-01-22,2026-01-22,0.09,-1.0,0.0,0,0.0,0.108,0.0778,22,Declining,Urban,Spring,2026-01-22,2026-08-03T15:45:00,v2.0,Demo
AD_0022,Food,Tablet,Delhi,Text,1.09,0.0,10,1024,0.0104,0.0,10.9,0.0,0.0,0,0.0288,0.0288,40.0,1024,0.0,0.06,0.0297,instagram,Tablet,0.0,10.9,0.0,Night,7,19.5,2026-01-23,2026-01-23,0.05,-1.0,0.0,0,0.0,0.052,0.0297,44,Declining,Urban,Winter,2026-01-23,2026-08-03T15:45:00,v2.0,Demo
AD_0023,Fashion,Tablet,Delhi,Carousel,0.87,0.0,9,1373,0.0066,0.0,7.83,0.0,0.0,0,0.0129,0.0129,26.0,1373,0.0,0.09,0.0499,google,Tablet,0.0,7.83,0.0,Morning,3,16.6,2026-01-24,2026-01-24,0.04,-1.0,0.0,0,0.0,0.033,0.0499,92,Growing,Semi-Urban,Spring,2026-01-24,2026-08-03T15:45:00,v2.0,Demo
AD_0024,Travel,Tablet,Maharashtra,Text,0.76,0.0,12,832,0.0146,0.0,9.12,0.0,0.0,0,0.0201,0.0201,50.0,832,0.0,0.07,0.0656,facebook,Tablet,0.0,9.12,0.0,Morning,7,19.0,2026-01-25,2026-01-25,0.1,-1.0,0.0,0,0.0,0.073,0.0656,64,Growing,Semi-Urban,Summer,2026-01-25,2026-08-03T15:45:00,v2.0,Demo
AD_0025,Gaming,Tablet,Delhi,Video,0.26,38.5,2,92,0.0276,20.8,0.52,0.0,0.0,0,0.0302,0.0302,49.0,92,0.54,0.09,0.0793,other,Tablet,0.0,0.52,0.0,Morning,7,8.2,2026-01-26,2026-01-26,1.57,-1.0,0.0,0,0.0,0.408,0.0793,77,Growing,Semi-Urban,Summer,2026-01-26,2026-08-03T15:45:00,v2.0,Demo
AD_0026,Food,Desktop,Uttar Pradesh,Video,0.69,26.7,13,993,0.0131,16.6,8.97,0.0,0.0,0,0.0247,0.0247,24.0,993,0.62,0.06,0.0194,other,Desktop,0.0,8.97,0.0,Afternoon,2,19.1,2026-01-27,2026-01-27,0.54,-1.0,0.0,0,0.0,0.376,0.0194,25,New,Semi-Urban,Spring,2026-01-27,2026-08-03T15:45:00,v2.0,Demo
AD_0027,Electronics,Mobile,Karnataka,Text,1.38,0.0,8,392,0.0212,0.0,11.04,97.5,8.83,1,0.02,0.02,55.0,392,0.0,0.15,0.0966,other,Mobile,8.08,11.04,97.5,Evening,6,11.5,2026-01-28,2026-01-28,0.08,0.8868,11.04,1,0.0906,0.106,0.0966,108,New,Rural,Fall,2026-01-28,2026-08-03T15:45:00,v2.0,Demo
AD_0028,Electronics,All-Devices,Maharashtra,Video,1.24,30.0,37,1399,0.0268,17.4,45.88,0.0,0.0,0,0.0164,0.0164,29.0,1399,0.58,0.07,0.0901,google,All-Devices,0.0,45.88,0.0,Afternoon,2,9.5,2026-01-29,2026-01-29,0.34,-1.0,0.0,0,0.0,0.424,0.0901,51,Declining,Semi-Urban,Winter,2026-01-29,2026-08-03T15:45:00,v2.0,Demo
AD_0029,Health,Tablet,Delhi,Image,0.44,0.0,4,547,0.0082,0.0,1.76,0.0,0.0,0,0.0344,0.0344,59.0,547,0.0,0.18,0.0343,facebook,Tablet,0.0,1.76,0.0,Night,1,10.4,2026-01-30,2026-01-30,0.09,-1.0,0.0,0,0.0,0.041,0.0343,110,Declining,Semi-Urban,Spring,2026-01-30,2026-08-03T15:45:00,v2.0,Demo
AD_0030,Health,Tablet,Maharashtra,Carousel,0.78,0.0,10,413,0.0256,0.0,7.8,0.0,0.0,0,0.01,0.01,34.0,413,0.0,0.17,0.084,other,Tablet,0.0,7.8,0.0,Afternoon,1,12.9,2026-01-31,2026-01-31,0.16,-1.0,0.0,0,0.0,0.128,0.084,7,Declining,Semi-Urban,Spring,2026-01-31,2026-08-03T15:45:00,v2.0,Demo
AD_0031,Fashion,Tablet,Maharashtra,Image,1.25,0.0,7,940,0.0078,0.0,8.75,49.53,5.66,1,0.0201,0.0201,25.0,940,0.0,0.05,0.0566,google,Tablet,5.9,8.75,49.53,Morning,2,10.5,2026-02-01,2026-02-01,0.03,0.8233,8.75,0,0.1143,0.039,0.0566,109,Mature,Semi-Urban,Summer,2026-02-01,2026-08-03T15:45:00,v2.0,Demo
AD_0032,Food,Desktop,Karnataka,Carousel,0.24,0.0,16,476,0.034,0.0,3.84,0.0,0.0,0,0.0366,0.0366,33.0,476,0.0,0.18,0.0516,other,Desktop,0.0,3.84,0.0,Afternoon,5,11.5,2026-02-02,2026-02-02,0.71,-1.0,0.0,0,0.0,0.17,0.0516,6,Growing,Rural,Fall,2026-02-02,2026-08-03T15:45:00,v2.0,Demo
AD_0033,Food,Tablet,Uttar Pradesh,Video,0.67,28.9,20,1054,0.0197,13.0,13.4,0.0,0.0,0,0.0346,0.0346,36.0,1054,0.45,0.05,0.0383,instagram,Tablet,0.0,13.4,0.0,Morning,5,8.9,2026-02-03,2026-02-03,0.48,-1.0,0.0,0,0.0,0.324,0.0383,24,Declining,Urban,Winter,2026-02-03,2026-08-03T15:45:00,v2.0,Demo
AD_0034,Travel,Tablet,Maharashtra,Image,1.3,0.0,1,70,0.0095,0.0,1.3,32.62,25.09,1,0.019,0.019,21.0,70,0.0,0.09,0.0623,facebook,Tablet,25.8,1.3,32.62,Evening,7,11.1,2026-02-04,2026-02-04,0.04,0.9601,1.3,0,0.7692,0.048,0.0623,19,Growing,Urban,Spring,2026-02-04,2026-08-03T15:45:00,v2.0,Demo
AD_0035,Travel,Tablet,Delhi,Video,0.7,39.2,6,456,0.0153,23.9,4.2,0.0,0.0,0,0.0317,0.0317,42.0,456,0.61,0.05,0.0757,facebook,Tablet,0.0,4.2,0.0,Afternoon,7,15.0,2026-02-05,2026-02-05,0.55,-1.0,0.0,0,0.0,0.382,0.0757,83,New,Urban,Winter,2026-02-05,2026-08-03T15:45:00,v2.0,Demo
AD_0036,Travel,Mobile,Tamil Nadu,Carousel,0.25,0.0,11,668,0.0174,0.0,2.75,0.0,0.0,0,0.0338,0.0338,43.0,668,0.0,0.1,0.047,google,Mobile,0.0,2.75,0.0,Afternoon,4,13.2,2026-02-06,2026-02-06,0.35,-1.0,0.0,0,0.0,0.087,0.047,100,Growing,Urban,Winter,2026-02-06,2026-08-03T15:45:00,v2.0,Demo
AD_0037,Health,Desktop,Maharashtra,Text,0.88,0.0,29,1064,0.0277,0.0,25.52,49.81,1.95,1,0.0361,0.0361,49.0,1064,0.0,0.13,0.0666,google,Desktop,2.06,25.52,49.81,Afternoon,1,11.9,2026-02-07,2026-02-07,0.16,0.4877,25.52,0,0.0392,0.138,0.0666,115,Mature,Urban,Spring,2026-02-07,2026-08-03T15:45:00,v2.0,Demo
AD_0038,Food,Tablet,Maharashtra,Text,1.31,0.0,10,385,0.0273,0.0,13.1,0.0,0.0,0,0.0241,0.0241,19.0,385,0.0,0.17,0.0729,facebook,Tablet,0.0,13.1,0.0,Morning,4,17.5,2026-02-08,2026-02-08,0.1,-1.0,0.0,0,0.0,0.136,0.0729,9,Mature,Rural,Winter,2026-02-08,2026-08-03T15:45:00,v2.0,Demo
AD_0039,Food,All-Devices,Karnataka,Image,0.95,0.0,27,1190,0.0234,0.0,25.65,0.0,0.0,0,0.0122,0.0122,41.0,1190,0.0,0.1,0.074,other,All-Devices,0.0,25.65,0.0,Morning,1,19.5,2026-02-09,2026-02-09,0.12,-1.0,0.0,0,0.0,0.117,0.074,112,Growing,Urban,Summer,2026-02-09,2026-08-03T15:45:00,v2.0,Demo
AD_0040,Electronics,All-Devices,Uttar Pradesh,Video,0.46,24.0,9,1197,0.0082,16.3,4.14,0.0,0.0,0,0.0139,0.0139,20.0,1197,0.68,0.16,0.0147,other,All-Devices,0.0,4.14,0.0,Afternoon,2,17.6,2026-02-10,2026-02-10,0.83,-1.0,0.0,0,0.0,0.381,0.0147,36,Mature,Rural,Fall,2026-02-10,2026-08-03T15:45:00,v2.0,Demo
AD_0041,Health,All-Devices,Tamil Nadu,Video,0.67,5.3,4,448,0.0095,3.4,2.68,0.0,0.0,0,0.0153,0.0153,47.0,448,0.65,0.08,0.0874,instagram,All-Devices,0.0,2.68,0.0,Afternoon,5,11.6,2026-02-11,2026-02-11,0.56,-1.0,0.0,0,0.0,0.372,0.0874,102,Mature,Rural,Fall,2026-02-11,2026-08-03T15:45:00,v2.0,Demo
AD_0042,Gaming,Desktop,Delhi,Image,0.76,0.0,6,842,0.0078,0.0,4.56,117.18,25.7,1,0.0258,0.0258,20.0,842,0.0,0.16,0.0512,other,Desktop,26.69,4.56,117.18,Evening,7,17.4,2026-02-12,2026-02-12,0.05,0.9611,4.56,0,0.2193,0.039,0.0512,40,New,Urban,Fall,2026-02-12,2026-08-03T15:45:00,v2.0,Demo
AD_0043,Health,Desktop,Tamil Nadu,Text,0.93,0.0,17,764,0.0223,0.0,15.81,53.61,3.39,1,0.0061,0.0061,56.0,764,0.0,0.09,0.0336,google,Desktop,3.64,15.81,53.61,Evening,5,9.1,2026-02-13,2026-02-13,0.12,0.7051,15.81,1,0.0633,0.112,0.0336,93,Declining,Urban,Summer,2026-02-13,2026-08-03T15:45:00,v2.0,Demo
AD_0044,Gaming,All-Devices,Delhi,Carousel,1.18,0.0,3,100,0.0313,0.0,3.54,0.0,0.0,0,0.0273,0.0273,47.0,100,0.0,0.07,0.0318,google,All-Devices,0.0,3.54,0.0,Night,2,8.8,2026-02-14,2026-02-14,0.13,-1.0,0.0,0,0.0,0.156,0.0318,24,Mature,Urban,Summer,2026-02-14,2026-08-03T15:45:00,v2.0,Demo
AD_0045,Electronics,Tablet,Uttar Pradesh,Image,0.28,0.0,6,373,0.018,0.0,1.68,105.28,62.67,1,0.0178,0.0178,39.0,373,0.0,0.08,0.0535,other,Tablet,66.05,1.68,105.28,Evening,4,11.8,2026-02-15,2026-02-15,0.32,0.984,1.68,0,0.5952,0.09,0.0535,48,Declining,Semi-Urban,Summer,2026-02-15,2026-08-03T15:45:00,v2.0,Demo
AD_0046,Fashion,Desktop,Delhi,Carousel,1.35,0.0,8,838,0.0098,0.0,10.8,0.0,0.0,0,0.0153,0.0153,37.0,838,0.0,0.08,0.0898,google,Desktop,0.0,10.8,0.0,Evening,4,18.3,2026-02-16,2026-02-16,0.04,-1.0,0.0,0,0.0,0.049,0.0898,63,Growing,Rural,Fall,2026-02-16,2026-08-03T15:45:00,v2.0,Demo
AD_0047,Food,All-Devices,Karnataka,Text,0.17,0.0,4,190,0.0217,0.0,0.68,0.0,0.0,0,0.0358,0.0358,23.0,190,0.0,0.13,0.0441,facebook,All-Devices,0.0,0.68,0.0,Evening,3,10.4,2026-02-17,2026-02-17,0.64,-1.0,0.0,0,0.0,0.108,0.0441,69,Growing,Urban,Winter,2026-02-17,2026-08-03T15:45:00,v2.0,Demo
AD_0048,Electronics,All-Devices,Karnataka,Video,0.65,9.5,15,519,0.0294,2.8,9.75,0.0,0.0,0,0.0211,0.0211,30.0,519,0.29,0.18,0.0775,facebook,All-Devices,0.0,9.75,0.0,Morning,7,7.9,2026-02-18,2026-02-18,0.45,-1.0,0.0,0,0.0,0.292,0.0775,53,Mature,Semi-Urban,Summer,2026-02-18,2026-08-03T15:45:00,v2.0,Demo
AD_0049,Food,Tablet,Karnataka,Text,0.19,0.0,22,836,0.0273,0.0,4.18,0.0,0.0,0,0.0083,0.0083,54.0,836,0.0,0.06,0.0187,other,Tablet,0.0,4.18,0.0,Evening,7,8.8,2026-02-19,2026-02-19,0.72,-1.0,0.0,0,0.0,0.136,0.0187,54,Growing,Rural,Spring,2026-02-19,2026-08-03T15:45:00,v2.0,Demo
AD_0050,Travel,Mobile,Karnataka,Image,0.68,0.0,44,1407,0.0314,0.0,29.92,55.71,1.86,1,0.0339,0.0339,56.0,1407,0.0,0.16,0.0528,facebook,Mobile,1.89,29.92,55.71,Evening,7,19.0,2026-02-20,2026-02-20,0.23,0.4629,29.92,0,0.0334,0.157,0.0528,42,New,Semi-Urban,Summer,2026-02-20,2026-08-03T15:45:00,v2.0,Demo
AD_0051,Fashion,Desktop,Tamil Nadu,Video,0.86,37.9,13,1013,0.0133,20.8,11.18,0.0,0.0,0,0.0067,0.0067,18.0,1013,0.55,0.15,0.0993,facebook,Desktop,0.0,11.18,0.0,Afternoon,1,15.9,2026-02-21,2026-02-21,0.4,-1.0,0.0,0,0.0,0.342,0.0993,119,Mature,Semi-Urban,Spring,2026-02-21,2026-08-03T15:45:00,v2.0,Demo
AD_0052,Fashion,Tablet,Uttar Pradesh,Image,0.84,0.0,11,1057,0.0108,0.0,9.24,0.0,0.0,0,0.0304,0.0304,43.0,1057,0.0,0.18,0.0793,instagram,Tablet,0.0,9.24,0.0,Morning,4,10.5,2026-02-22,2026-02-22,0.06,-1.0,0.0,0,0.0,0.054,0.0793,45,Mature,Urban,Fall,2026-02-22,2026-08-03T15:45:00,v2.0,Demo
AD_0053,Electronics,All-Devices,Delhi,Image,0.37,0.0,13,422,0.0314,0.0,4.81,33.87,7.04,1,0.0321,0.0321,48.0,422,0.0,0.09,0.0289,instagram,All-Devices,6.44,4.81,33.87,Night,2,14.8,2026-02-23,2026-02-23,0.42,0.858,4.81,1,0.2079,0.157,0.0289,90,Mature,Rural,Spring,2026-02-23,2026-08-03T15:45:00,v2.0,Demo
AD_0054,Fashion,All-Devices,Delhi,Text,1.02,0.0,13,543,0.0247,0.0,13.26,0.0,0.0,0,0.0173,0.0173,44.0,543,0.0,0.12,0.0551,facebook,All-Devices,0.0,13.26,0.0,Night,4,14.4,2026-02-24,2026-02-24,0.12,-1.0,0.0,0,0.0,0.124,0.0551,14,Growing,Semi-Urban,Summer,2026-02-24,2026-08-03T15:45:00,v2.0,Demo
AD_0055,Gaming,Tablet,Karnataka,Image,0.21,0.0,11,800,0.0143,0.0,2.31,0.0,0.0,0,0.0339,0.0339,21.0,800,0.0,0.19,0.031,other,Tablet,0.0,2.31,0.0,Evening,5,16.2,2026-02-25,2026-02-25,0.34,-1.0,0.0,0,0.0,0.072,0.031,103,Growing,Rural,Summer,2026-02-25,2026-08-03T15:45:00,v2.0,Demo
AD_0056,Fashion,Desktop,Karnataka,Text,1.18,0.0,33,1229,0.0273,0.0,38.94,0.0,0.0,0,0.023,0.023,27.0,1229,0.0,0.15,0.0469,instagram,Desktop,0.0,38.94,0.0,Night,1,10.3,2026-02-26,2026-02-26,0.12,-1.0,0.0,0,0.0,0.136,0.0469,29,Mature,Urban,Winter,2026-02-26,2026-08-03T15:45:00,v2.0,Demo
AD_0057,Food,Mobile,Maharashtra,Video,1.43,23.2,10,340,0.0295,12.3,14.3,0.0,0.0,0,0.0212,0.0212,29.0,340,0.53,0.11,0.0802,google,Mobile,0.0,14.3,0.0,Night,7,19.1,2026-02-27,2026-02-27,0.29,-1.0,0.0,0,0.0,0.412,0.0802,116,Declining,Rural,Fall,2026-02-27,2026-08-03T15:45:00,v2.0,Demo
AD_0058,Food,Mobile,Uttar Pradesh,Text,0.61,0.0,28,1217,0.0234,0.0,17.08,89.22,5.22,1,0.0066,0.0066,53.0,1217,0.0,0.07,0.0794,google,Mobile,5.2,17.08,89.22,Night,6,11.3,2026-02-28,2026-02-28,0.19,0.8086,17.08,1,0.0585,0.117,0.0794,6,Growing,Semi-Urban,Spring,2026-02-28,2026-08-03T15:45:00,v2.0,Demo
AD_0059,Food,All-Devices,Tamil Nadu,Video,0.85,42.5,3,155,0.0256,22.5,2.55,0.0,0.0,0,0.0152,0.0152,37.0,155,0.53,0.09,0.0305,google,All-Devices,0.0,2.55,0.0,Evening,3,16.7,2026-03-01,2026-03-01,0.46,-1.0,0.0,0,0.0,0.393,0.0305,7,Growing,Semi-Urban,Fall,2026-03-01,2026-08-03T15:45:00,v2.0,Demo
AD_0060,Food,Desktop,Delhi,Text,0.66,0.0,24,1493,0.0163,0.0,15.84,0.0,0.0,0,0.0376,0.0376,38.0,1493,0.0,0.14,0.093,other,Desktop,0.0,15.84,0.0,Night,1,7.2,2026-03-02,2026-03-02,0.12,-1.0,0.0,0,0.0,0.081,0.093,37,Mature,Rural,Summer,2026-03-02,2026-08-03T15:45:00,v2.0,Demo
AD_0061,Gaming,Mobile,Maharashtra,Carousel,0.16,0.0,15,719,0.0212,0.0,2.4,0.0,0.0,0,0.0187,0.0187,57.0,719,0.0,0.16,0.0633,facebook,Mobile,0.0,2.4,0.0,Evening,5,12.2,2026-03-03,2026-03-03,0.66,-1.0,0.0,0,0.0,0.106,0.0633,53,Declining,Semi-Urban,Winter,2026-03-03,2026-08-03T15:45:00,v2.0,Demo
AD_0062,Health,Desktop,Maharashtra,Carousel,0.67,0.0,1,51,0.0207,0.0,0.67,0.0,0.0,0,0.0241,0.0241,45.0,51,0.0,0.07,0.0442,google,Desktop,0.0,0.67,0.0,Afternoon,7,11.9,2026-03-04,2026-03-04,0.16,-1.0,0.0,0,0.0,0.104,0.0442,18,Mature,Semi-Urban,Summer,2026-03-04,2026-08-03T15:45:00,v2.0,Demo
AD_0063,Travel,Desktop,Delhi,Image,1.22,0.0,19,638,0.0304,0.0,23.18,0.0,0.0,0,0.0236,0.0236,56.0,638,0.0,0.14,0.0552,other,Desktop,0.0,23.18,0.0,Afternoon,5,14.6,2026-03-05,2026-03-05,0.12,-1.0,0.0,0,0.0,0.152,0.0552,87,Growing,Semi-Urban,Summer,2026-03-05,2026-08-03T15:45:00,v2.0,Demo
AD_0064,Electronics,All-Devices,Tamil Nadu,Text,0.95,0.0,20,693,0.0302,0.0,19.0,0.0,0.0,0,0.0257,0.0257,37.0,693,0.0,0.13,0.0645,instagram,All-Devices,0.0,19.0,0.0,Night,5,8.0,2026-03-06,2026-03-06,0.16,-1.0,0.0,0,0.0,0.151,0.0645,108,Mature,Urban,Summer,2026-03-06,2026-08-03T15:45:00,v2.0,Demo
AD_0065,Food,Mobile,Maharashtra,Text,0.29,0.0,4,139,0.03,0.0,1.16,0.0,0.0,0,0.0071,0.0071,24.0,139,0.0,0.13,0.0604,facebook,Mobile,0.0,1.16,0.0,Afternoon,7,18.1,2026-03-07,2026-03-07,0.52,-1.0,0.0,0,0.0,0.15,0.0604,38,Mature,Urban,Spring,2026-03-07,2026-08-03T15:45:00,v2.0,Demo
AD_0066,Fashion,Tablet,Maharashtra,Video,1.29,32.6,7,1418,0.0053,7.5,9.03,0.0,0.0,0,0.0177,0.0177,57.0,1418,0.23,0.15,0.0538,instagram,Tablet,0.0,9.03,0.0,Evening,5,10.0,2026-03-08,2026-03-08,0.11,-1.0,0.0,0,0.0,0.142,0.0538,59,Mature,Semi-Urban,Summer,2026-03-08,2026-08-03T15:45:00,v2.0,Demo
AD_0067,Food,All-Devices,Uttar Pradesh,Image,0.87,0.0,10,399,0.0275,0.0,8.7,0.0,0.0,0,0.0303,0.0303,37.0,399,0.0,0.18,0.0554,other,All-Devices,0.0,8.7,0.0,Afternoon,2,16.5,2026-03-09,2026-03-09,0.16,-1.0,0.0,0,0.0,0.138,0.0554,1,Declining,Rural,Fall,2026-03-09,2026-08-03T15:45:00,v2.0,Demo
AD_0068,Fashion,Mobile,Tamil Nadu,Text,1.29,0.0,37,1336,0.0278,0.0,47.73,54.69,1.15,1,0.012,0.012,26.0,1336,0.0,0.1,0.0259,google,Mobile,1.17,47.73,54.69,Night,3,18.2,2026-03-10,2026-03-10,0.11,0.1273,47.73,0,0.021,0.139,0.0259,68,Mature,Urban,Fall,2026-03-10,2026-08-03T15:45:00,v2.0,Demo
AD_0069,Travel,Mobile,Maharashtra,Image,0.93,0.0,36,1424,0.0254,0.0,33.48,0.0,0.0,0,0.0121,0.0121,31.0,1424,0.0,0.18,0.0831,google,Mobile,0.0,33.48,0.0,Evening,6,14.9,2026-03-11,2026-03-11,0.14,-1.0,0.0,0,0.0,0.127,0.0831,115,Growing,Rural,Winter,2026-03-11,2026-08-03T15:45:00,v2.0,Demo
AD_0070,Travel,Mobile,Tamil Nadu,Carousel,0.91,0.0,32,1181,0.0277,0.0,29.12,0.0,0.0,0,0.0054,0.0054,20.0,1181,0.0,0.07,0.0588,other,Mobile,0.0,29.12,0.0,Morning,5,17.4,2026-03-12,2026-03-12,0.15,-1.0,0.0,0,0.0,0.138,0.0588,44,Mature,Semi-Urban,Fall,2026-03-12,2026-08-03T15:45:00,v2.0,Demo
AD_0071,Travel,Mobile,Delhi,Text,0.29,0.0,33,1112,0.0303,0.0,9.57,109.59,11.45,1,0.0203,0.0203,38.0,1112,0.0,0.08,0.0218,google,Mobile,11.25,9.57,109.59,Evening,5,16.3,2026-03-13,2026-03-13,0.52,0.9127,9.57,1,0.1045,0.152,0.0218,47,Declining,Semi-Urban,Summer,2026-03-13,2026-08-03T15:45:00,v2.0,Demo
AD_0072,Fashion,Mobile,Karnataka,Text,0.38,0.0,18,958,0.0191,0.0,6.84,80.35,11.75,1,0.0359,0.0359,54.0,958,0.0,0.09,0.079,facebook,Mobile,12.2,6.84,80.35,Afternoon,4,12.0,2026-03-14,2026-03-14,0.25,0.9149,6.84,0,0.1462,0.096,0.079,35,New,Rural,Summer,2026-03-14,2026-08-03T15:45:00,v2.0,Demo
AD_0073,Food,Desktop,Maharashtra,Image,1.46,0.0,4,208,0.0201,0.0,5.84,0.0,0.0,0,0.0068,0.0068,57.0,208,0.0,0.07,0.0939,other,Desktop,0.0,5.84,0.0,Morning,3,18.3,2026-03-15,2026-03-15,0.07,-1.0,0.0,0,0.0,0.1,0.0939,87,Declining,Urban,Fall,2026-03-15,2026-08-03T15:45:00,v2.0,Demo
AD_0074,Travel,All-Devices,Uttar Pradesh,Text,0.46,0.0,8,1008,0.0087,0.0,3.68,0.0,0.0,0,0.0117,0.0117,57.0,1008,0.0,0.08,0.0953,instagram,All-Devices,0.0,3.68,0.0,Evening,1,11.1,2026-03-16,2026-03-16,0.1,-1.0,0.0,0,0.0,0.044,0.0953,91,Mature,Rural,Winter,2026-03-16,2026-08-03T15:45:00,v2.0,Demo
AD_0075,Gaming,Desktop,Delhi,Image,1.47,0.0,5,361,0.0166,0.0,7.35,0.0,0.0,0,0.0159,0.0159,23.0,361,0.0,0.07,0.0432,other,Desktop,0.0,7.35,0.0,Morning,3,15.0,2026-03-17,2026-03-17,0.06,-1.0,0.0,0,0.0,0.083,0.0432,60,New,Rural,Winter,2026-03-17,2026-08-03T15:45:00,v2.0,Demo
AD_0076,Fashion,Tablet,Tamil Nadu,Text,0.87,0.0,31,1314,0.0243,0.0,26.97,0.0,0.0,0,0.0306,0.0306,34.0,1314,0.0,0.17,0.0222,facebook,Tablet,0.0,26.97,0.0,Morning,3,17.4,2026-03-18,2026-03-18,0.14,-1.0,0.0,0,0.0,0.122,0.0222,90,Mature,Semi-Urban,Fall,2026-03-18,2026-08-03T15:45:00,v2.0,Demo
AD_0077,Fashion,Mobile,Delhi,Video,0.33,21.5,14,494,0.0284,12.3,4.62,51.05,11.05,1,0.0274,0.0274,19.0,494,0.57,0.07,0.0567,facebook,Mobile,11.37,4.62,51.05,Morning,7,12.3,2026-03-19,2026-03-19,1.29,0.9095,4.62,1,0.2165,0.427,0.0567,52,Declining,Urban,Spring,2026-03-19,2026-08-03T15:45:00,v2.0,Demo
AD_0078,Food,All-Devices,Maharashtra,Image,0.28,0.0,3,347,0.0115,0.0,0.84,48.98,58.31,1,0.0196,0.0196,54.0,347,0.0,0.16,0.0201,other,All-Devices,56.62,0.84,48.98,Evening,7,11.2,2026-03-20,2026-03-20,0.2,0.9829,0.84,0,1.1905,0.057,0.0201,8,New,Rural,Spring,2026-03-20,2026-08-03T15:45:00,v2.0,Demo
AD_0079,Fashion,Mobile,Tamil Nadu,Text,0.43,0.0,9,1001,0.0091,0.0,3.87,107.15,27.69,1,0.0316,0.0316,33.0,1001,0.0,0.06,0.0941,other,Mobile,25.19,3.87,107.15,Afternoon,7,13.4,2026-03-21,2026-03-21,0.11,0.9639,3.87,0,0.2584,0.046,0.0941,107,New,Urban,Spring,2026-03-21,2026-08-03T15:45:00,v2.0,Demo
AD_0080,Fashion,All-Devices,Karnataka,Carousel,1.4,0.0,2,85,0.0249,0.0,2.8,103.84,37.09,1,0.0263,0.0263,45.0,85,0.0,0.19,0.0265,google,All-Devices,33.61,2.8,103.84,Evening,6,18.5,2026-03-22,2026-03-22,0.09,0.973,2.8,1,0.3571,0.124,0.0265,80,Mature,Semi-Urban,Spring,2026-03-22,2026-08-03T15:45:00,v2.0,Demo
AD_0081,Travel,Desktop,Delhi,Text,0.71,0.0,5,1157,0.0051,0.0,3.55,69.65,19.62,1,0.0364,0.0364,48.0,1157,0.0,0.16,0.0327,facebook,Desktop,19.83,3.55,69.65,Afternoon,3,20.0,2026-03-23,2026-03-23,0.04,0.949,3.55,0,0.2817,0.026,0.0327,41,Mature,Urban,Fall,2026-03-23,2026-08-03T15:45:00,v2.0,Demo
AD_0082,Food,All-Devices,Maharashtra,Carousel,0.68,0.0,15,1458,0.0104,0.0,10.2,0.0,0.0,0,0.0336,0.0336,36.0,1458,0.0,0.05,0.0466,other,All-Devices,0.0,10.2,0.0,Evening,6,14.6,2026-03-24,2026-03-24,0.08,-1.0,0.0,0,0.0,0.052,0.0466,3,Declining,Semi-Urban,Winter,2026-03-24,2026-08-03T15:45:00,v2.0,Demo
AD_0083,Travel,Tablet,Uttar Pradesh,Carousel,0.57,0.0,7,1245,0.0059,0.0,3.99,0.0,0.0,0,0.0138,0.0138,31.0,1245,0.0,0.16,0.0445,other,Tablet,0.0,3.99,0.0,Evening,5,16.3,2026-03-25,2026-03-25,0.05,-1.0,0.0,0,0.0,0.03,0.0445,96,Mature,Urban,Summer,2026-03-25,2026-08-03T15:45:00,v2.0,Demo
AD_0084,Travel,Tablet,Tamil Nadu,Video,0.35,27.0,14,1449,0.01,15.1,4.9,85.74,17.5,1,0.0145,0.0145,58.0,1449,0.56,0.13,0.0815,facebook,Tablet,18.69,4.9,85.74,Evening,7,19.6,2026-03-26,2026-03-26,0.94,0.9429,4.9,0,0.2041,0.33,0.0815,69,New,Rural,Summer,2026-03-26,2026-08-03T15:45:00,v2.0,Demo
AD_0085,Food,All-Devices,Delhi,Image,0.81,0.0,14,1435,0.0104,0.0,11.34,70.9,6.25,1,0.0094,0.0094,59.0,1435,0.0,0.17,0.0511,other,All-Devices,5.67,11.34,70.9,Afternoon,5,8.4,2026-03-27,2026-03-27,0.06,0.8401,11.34,0,0.0882,0.052,0.0511,84,Growing,Semi-Urban,Fall,2026-03-27,2026-08-03T15:45:00,v2.0,Demo
AD_0086,Electronics,All-Devices,Delhi,Text,0.33,0.0,10,608,0.0166,0.0,3.3,0.0,0.0,0,0.0168,0.0168,30.0,608,0.0,0.13,0.0254,google,All-Devices,0.0,3.3,0.0,Evening,7,10.2,2026-03-28,2026-03-28,0.25,-1.0,0.0,0,0.0,0.083,0.0254,14,Growing,Rural,Summer,2026-03-28,2026-08-03T15:45:00,v2.0,Demo
AD_0087,Travel,All-Devices,Karnataka,Video,1.28,24.6,16,940,0.0171,12.3,20.48,119.79,5.85,1,0.04,0.04,38.0,940,0.5,0.15,0.034,facebook,All-Devices,5.54,20.48,119.79,Morning,2,16.9,2026-03-29,2026-03-29,0.26,0.829,20.48,0,0.0488,0.336,0.034,96,Declining,Semi-Urban,Spring,2026-03-29,2026-08-03T15:45:00,v2.0,Demo
AD_0088,Gaming,All-Devices,Karnataka,Text,0.65,0.0,5,190,0.0312,0.0,3.25,0.0,0.0,0,0.0192,0.0192,59.0,190,0.0,0.17,0.0558,google,All-Devices,0.0,3.25,0.0,Evening,6,18.5,2026-03-30,2026-03-30,0.24,-1.0,0.0,0,0.0,0.156,0.0558,26,Mature,Urban,Winter,2026-03-30,2026-08-03T15:45:00,v2.0,Demo
AD_0089,Gaming,Tablet,Uttar Pradesh,Carousel,0.66,0.0,19,936,0.0203,0.0,12.54,0.0,0.0,0,0.0127,0.0127,18.0,936,0.0,0.11,0.0233,google,Tablet,0.0,12.54,0.0,Morning,6,19.0,2026-03-31,2026-03-31,0.15,-1.0,0.0,0,0.0,0.102,0.0233,111,Declining,Urban,Fall,2026-03-31,2026-08-03T15:45:00,v2.0,Demo
AD_0090,Fashion,Mobile,Uttar Pradesh,Image,0.79,0.0,31,1191,0.0267,0.0,24.49,0.0,0.0,0,0.0317,0.0317,35.0,1191,0.0,0.05,0.065,google,Mobile,0.0,24.49,0.0,Night,1,12.8,2026-04-01,2026-04-01,0.17,-1.0,0.0,0,0.0,0.134,0.065,70,Growing,Semi-Urban,Winter,2026-04-01,2026-08-03T15:45:00,v2.0,Demo
AD_0091,Gaming,All-Devices,Maharashtra,Text,0.75,0.0,10,1350,0.0081,0.0,7.5,57.4,7.65,1,0.024,0.024,22.0,1350,0.0,0.18,0.0609,google,All-Devices,7.23,7.5,57.4,Night,4,8.3,2026-04-02,2026-04-02,0.05,0.8693,7.5,0,0.1333,0.04,0.0609,58,Growing,Semi-Urban,Fall,2026-04-02,2026-08-03T15:45:00,v2.0,Demo
AD_0092,Fashion,All-Devices,Maharashtra,Text,1.49,0.0,9,775,0.0118,0.0,13.41,47.83,3.57,1,0.0102,0.0102,39.0,775,0.0,0.11,0.0743,facebook,All-Devices,3.87,13.41,47.83,Afternoon,3,13.1,2026-04-03,2026-04-03,0.04,0.7196,13.41,0,0.0746,0.059,0.0743,100,Mature,Semi-Urban,Fall,2026-04-03,2026-08-03T15:45:00,v2.0,Demo
AD_0093,Electronics,Tablet,Uttar Pradesh,Carousel,0.89,0.0,33,1293,0.0261,0.0,29.37,0.0,0.0,0,0.0183,0.0183,19.0,1293,0.0,0.12,0.0944,google,Tablet,0.0,29.37,0.0,Afternoon,1,10.2,2026-04-04,2026-04-04,0.15,-1.0,0.0,0,0.0,0.13,0.0944,40,New,Urban,Fall,2026-04-04,2026-08-03T15:45:00,v2.0,Demo
AD_0094,Food,Tablet,Uttar Pradesh,Text,0.27,0.0,7,1099,0.0066,0.0,1.89,0.0,0.0,0,0.0195,0.0195,35.0,1099,0.0,0.05,0.0921,google,Tablet,0.0,1.89,0.0,Night,6,11.1,2026-04-05,2026-04-05,0.12,-1.0,0.0,0,0.0,0.033,0.0921,51,Mature,Semi-Urban,Fall,2026-04-05,2026-08-03T15:45:00,v2.0,Demo
AD_0095,Food,Desktop,Tamil Nadu,Text,0.97,0.0,11,570,0.0196,0.0,10.67,0.0,0.0,0,0.0314,0.0314,27.0,570,0.0,0.12,0.0951,other,Desktop,0.0,10.67,0.0,Evening,1,17.8,2026-04-06,2026-04-06,0.1,-1.0,0.0,0,0.0,0.098,0.0951,5,Growing,Semi-Urban,Winter,2026-04-06,2026-08-03T15:45:00,v2.0,Demo
AD_0096,Food,All-Devices,Karnataka,Carousel,0.35,0.0,1,59,0.023,0.0,0.35,74.72,213.49,1,0.0057,0.0057,40.0,59,0.0,0.2,0.032,facebook,All-Devices,231.89,0.35,74.72,Evening,2,8.1,2026-04-07,2026-04-07,0.33,0.9953,0.35,1,2.8571,0.115,0.032,77,New,Rural,Summer,2026-04-07,2026-08-03T15:45:00,v2.0,Demo
AD_0097,Gaming,Desktop,Maharashtra,Video,0.19,30.1,23,1033,0.0231,23.8,4.37,0.0,0.0,0,0.0144,0.0144,60.0,1033,0.79,0.09,0.0218,facebook,Desktop,0.0,4.37,0.0,Evening,4,18.6,2026-04-08,2026-04-08,2.68,-1.0,0.0,0,0.0,0.51,0.0218,32,Declining,Semi-Urban,Fall,2026-04-08,2026-08-03T15:45:00,v2.0,Demo
AD_0098,Electronics,Tablet,Karnataka,Carousel,1.46,0.0,2,427,0.0057,0.0,2.92,0.0,0.0,0,0.0231,0.0231,52.0,427,0.0,0.11,0.0372,instagram,Tablet,0.0,2.92,0.0,Night,6,13.0,2026-04-09,2026-04-09,0.02,-1.0,0.0,0,0.0,0.028,0.0372,80,Growing,Rural,Spring,2026-04-09,2026-08-03T15:45:00,v2.0,Demo
AD_0099,Gaming,Tablet,Karnataka,Video,1.19,38.8,10,731,0.0147,14.0,11.9,0.0,0.0,0,0.0144,0.0144,54.0,731,0.36,0.15,0.0906,facebook,Tablet,0.0,11.9,0.0,Morning,6,15.3,2026-04-10,2026-04-10,0.21,-1.0,0.0,0,0.0,0.254,0.0906,1,Declining,Rural,Fall,2026-04-10,2026-08-03T15:45:00,v2.0,Demo
AD_0100,Gaming,Mobile,Uttar Pradesh,Image,1.47,0.0,15,633,0.0241,0.0,22.05,80.89,3.67,1,0.027,0.027,45.0,633,0.0,0.17,0.0975,facebook,Mobile,3.41,22.05,80.89,Afternoon,3,8.3,2026-04-11,2026-04-11,0.08,0.7274,22.05,1,0.0454,0.12,0.0975,77,New,Rural,Winter,2026-04-11,2026-08-03T15:45:00,v2.0,Demo
AD_0101,Electronics,All-Devices,Tamil Nadu,Video,0.8,32.5,1,201,0.0095,12.0,0.8,69.8,87.25,1,0.0219,0.0219,20.0,201,0.37,0.11,0.0873,instagram,All-Devices,80.2,0.8,69.8,Morning,7,11.7,2026-04-12,2026-04-12,0.29,0.9885,0.8,0,1.25,0.232,0.0873,54,Declining,Urban,Fall,2026-04-12,2026-08-03T15:45:00,v2.0,Demo
AD_0102,Electronics,Desktop,Delhi,Video,0.87,43.5,19,769,0.0259,28.7,16.53,0.0,0.0,0,0.0177,0.0177,27.0,769,0.66,0.1,0.0199,facebook,Desktop,0.0,16.53,0.0,Night,4,8.3,2026-04-13,2026-04-13,0.53,-1.0,0.0,0,0.0,0.46,0.0199,11,Growing,Rural,Spring,2026-04-13,2026-08-03T15:45:00,v2.0,Demo
AD_0103,Electronics,Tablet,Tamil Nadu,Image,0.38,0.0,30,1122,0.0274,0.0,11.4,95.18,8.35,1,0.0382,0.0382,57.0,1122,0.0,0.19,0.0953,facebook,Tablet,9.07,11.4,95.18,Morning,2,20.5,2026-04-14,2026-04-14,0.36,0.8802,11.4,1,0.0877,0.137,0.0953,53,Mature,Semi-Urban,Winter,2026-04-14,2026-08-03T15:45:00,v2.0,Demo
AD_0104,Electronics,Tablet,Tamil Nadu,Video,0.48,24.6,42,1227,0.0345,18.0,20.16,92.14,4.57,1,0.0271,0.0271,33.0,1227,0.73,0.15,0.0481,facebook,Tablet,4.61,20.16,92.14,Evening,5,18.3,2026-04-15,2026-04-15,1.12,0.7812,20.16,1,0.0496,0.538,0.0481,8,Declining,Urban,Fall,2026-04-15,2026-08-03T15:45:00,v2.0,Demo
AD_0105,Food,Desktop,Karnataka,Carousel,1.28,0.0,10,908,0.0113,0.0,12.8,0.0,0.0,0,0.0095,0.0095,22.0,908,0.0,0.07,0.0108,facebook,Desktop,0.0,12.8,0.0,Evening,1,13.4,2026-04-16,2026-04-16,0.04,-1.0,0.0,0,0.0,0.056,0.0108,25,Growing,Urban,Spring,2026-04-16,2026-08-03T15:45:00,v2.0,Demo
AD_0106,Health,Mobile,Tamil Nadu,Video,0.63,34.6,40,1366,0.0298,24.2,25.2,0.0,0.0,0,0.0246,0.0246,48.0,1366,0.7,0.06,0.0498,instagram,Mobile,0.0,25.2,0.0,Morning,3,10.1,2026-04-17,2026-04-17,0.79,-1.0,0.0,0,0.0,0.499,0.0498,40,Growing,Urban,Winter,2026-04-17,2026-08-03T15:45:00,v2.0,Demo
AD_0107,Health,Tablet,Maharashtra,Image,1.27,0.0,2,99,0.0206,0.0,2.54,0.0,0.0,0,0.0323,0.0323,31.0,99,0.0,0.12,0.0141,facebook,Tablet,0.0,2.54,0.0,Night,6,20.1,2026-04-18,2026-04-18,0.08,-1.0,0.0,0,0.0,0.103,0.0141,32,New,Urban,Fall,2026-04-18,2026-08-03T15:45:00,v2.0,Demo
AD_0108,Electronics,All-Devices,Karnataka,Carousel,1.11,0.0,11,713,0.0162,0.0,12.21,0.0,0.0,0,0.0298,0.0298,29.0,713,0.0,0.08,0.0589,facebook,All-Devices,0.0,12.21,0.0,Morning,5,11.8,2026-04-19,2026-04-19,0.07,-1.0,0.0,0,0.0,0.081,0.0589,88,Growing,Urban,Spring,2026-04-19,2026-08-03T15:45:00,v2.0,Demo
AD_0109,Health,Tablet,Maharashtra,Image,0.39,0.0,5,580,0.0087,0.0,1.95,0.0,0.0,0,0.011,0.011,60.0,580,0.0,0.09,0.0405,instagram,Tablet,0.0,1.95,0.0,Evening,2,9.3,2026-04-20,2026-04-20,0.11,-1.0,0.0,0,0.0,0.044,0.0405,28,Mature,Urban,Winter,2026-04-20,2026-08-03T15:45:00,v2.0,Demo
AD_0110,Health,All-Devices,Delhi,Image,0.84,0.0,30,1133,0.0271,0.0,25.2,36.91,1.46,1,0.039,0.039,54.0,1133,0.0,0.18,0.0526,other,All-Devices,1.5,25.2,36.91,Evening,4,14.9,2026-04-21,2026-04-21,0.16,0.3173,25.2,0,0.0397,0.136,0.0526,78,Mature,Urban,Fall,2026-04-21,2026-08-03T15:45:00,v2.0,Demo
AD_0111,Electronics,Desktop,Karnataka,Text,1.06,0.0,15,1240,0.0121,0.0,15.9,0.0,0.0,0,0.0207,0.0207,35.0,1240,0.0,0.06,0.0652,google,Desktop,0.0,15.9,0.0,Night,1,20.2,2026-04-22,2026-04-22,0.06,-1.0,0.0,0,0.0,0.06,0.0652,109,Declining,Rural,Winter,2026-04-22,2026-08-03T15:45:00,v2.0,Demo
AD_0112,Health,All-Devices,Delhi,Text,0.47,0.0,20,1275,0.0161,0.0,9.4,0.0,0.0,0,0.0106,0.0106,59.0,1275,0.0,0.16,0.0882,other,All-Devices,0.0,9.4,0.0,Morning,3,7.1,2026-04-23,2026-04-23,0.17,-1.0,0.0,0,0.0,0.08,0.0882,3,Declining,Semi-Urban,Spring,2026-04-23,2026-08-03T15:45:00,v2.0,Demo
AD_0113,Gaming,Desktop,Karnataka,Image,1.27,0.0,6,906,0.0069,0.0,7.62,115.34,15.14,1,0.0113,0.0113,45.0,906,0.0,0.09,0.0696,instagram,Desktop,15.64,7.62,115.34,Evening,6,10.3,2026-04-24,2026-04-24,0.03,0.9339,7.62,0,0.1312,0.034,0.0696,100,Declining,Semi-Urban,Fall,2026-04-24,2026-08-03T15:45:00,v2.0,Demo
AD_0114,Fashion,All-Devices,Uttar Pradesh,Image,0.89,0.0,5,195,0.029,0.0,4.45,0.0,0.0,0,0.0084,0.0084,49.0,195,0.0,0.16,0.0491,google,All-Devices,0.0,4.45,0.0,Evening,6,20.1,2026-04-25,2026-04-25,0.16,-1.0,0.0,0,0.0,0.145,0.0491,91,Declining,Rural,Fall,2026-04-25,2026-08-03T15:45:00,v2.0,Demo
AD_0115,Fashion,Desktop,Tamil Nadu,Image,0.37,0.0,26,964,0.028,0.0,9.62,53.81,5.59,1,0.0331,0.0331,19.0,964,0.0,0.16,0.0837,instagram,Desktop,5.71,9.62,53.81,Morning,5,9.4,2026-04-26,2026-04-26,0.38,0.8212,9.62,1,0.104,0.14,0.0837,84,Mature,Rural,Fall,2026-04-26,2026-08-03T15:45:00,v2.0,Demo
AD_0116,Electronics,All-Devices,Uttar Pradesh,Text,0.94,0.0,28,1042,0.027,0.0,26.32,0.0,0.0,0,0.0093,0.0093,23.0,1042,0.0,0.05,0.0915,instagram,All-Devices,0.0,26.32,0.0,Morning,5,8.6,2026-04-27,2026-04-27,0.14,-1.0,0.0,0,0.0,0.135,0.0915,111,New,Urban,Spring,2026-04-27,2026-08-03T15:45:00,v2.0,Demo
AD_0117,Food,Mobile,Delhi,Text,1.5,0.0,4,291,0.014,0.0,6.0,0.0,0.0,0,0.0094,0.0094,45.0,291,0.0,0.13,0.0208,facebook,Mobile,0.0,6.0,0.0,Afternoon,1,15.0,2026-04-28,2026-04-28,0.05,-1.0,0.0,0,0.0,0.07,0.0208,79,Declining,Urban,Summer,2026-04-28,2026-08-03T15:45:00,v2.0,Demo
AD_0118,Electronics,All-Devices,Tamil Nadu,Video,0.35,40.6,6,630,0.0102,23.5,2.1,33.23,15.82,1,0.0348,0.0348,56.0,630,0.58,0.07,0.0579,google,All-Devices,15.19,2.1,33.23,Night,4,19.1,2026-04-29,2026-04-29,0.97,0.9368,2.1,0,0.4762,0.341,0.0579,62,New,Rural,Fall,2026-04-29,2026-08-03T15:45:00,v2.0,Demo
AD_0119,Food,All-Devices,Karnataka,Video,1.25,31.1,17,736,0.0241,15.2,21.25,0.0,0.0,0,0.0171,0.0171,44.0,736,0.49,0.18,0.0356,facebook,All-Devices,0.0,21.25,0.0,Night,2,13.7,2026-04-30,2026-04-30,0.29,-1.0,0.0,0,0.0,0.366,0.0356,27,Growing,Urban,Spring,2026-04-30,2026-08-03T15:45:00,v2.0,Demo
AD_0120,Fashion,Mobile,Tamil Nadu,Image,0.43,0.0,10,532,0.0199,0.0,4.3,0.0,0.0,0,0.0061,0.0061,24.0,532,0.0,0.18,0.0142,google,Mobile,0.0,4.3,0.0,Morning,7,20.9,2026-05-01,2026-05-01,0.23,-1.0,0.0,0,0.0,0.1,0.0142,117,Growing,Semi-Urban,Winter,2026-05-01,2026-08-03T15:45:00,v2.0,Demo
AD_0121,Electronics,Tablet,Maharashtra,Carousel,1.21,0.0,12,1181,0.0103,0.0,14.52,67.8,4.67,1,0.0068,0.0068,23.0,1181,0.0,0.11,0.0702,instagram,Tablet,4.36,14.52,67.8,Night,4,16.5,2026-05-02,2026-05-02,0.04,0.7858,14.52,0,0.0689,0.052,0.0702,45,Declining,Semi-Urban,Winter,2026-05-02,2026-08-03T15:45:00,v2.0,Demo
AD_0122,Travel,Tablet,Tamil Nadu,Carousel,1.14,0.0,33,1299,0.0256,0.0,37.62,0.0,0.0,0,0.01,0.01,53.0,1299,0.0,0.12,0.0876,instagram,Tablet,0.0,37.62,0.0,Evening,4,8.0,2026-05-03,2026-05-03,0.11,-1.0,0.0,0,0.0,0.128,0.0876,105,Growing,Urban,Spring,2026-05-03,2026-08-03T15:45:00,v2.0,Demo
AD_0123,Gaming,All-Devices,Maharashtra,Text,0.56,0.0,25,722,0.0347,0.0,14.0,0.0,0.0,0,0.0125,0.0125,24.0,722,0.0,0.1,0.0247,other,All-Devices,0.0,14.0,0.0,Morning,4,20.9,2026-05-04,2026-05-04,0.31,-1.0,0.0,0,0.0,0.174,0.0247,92,New,Urban,Summer,2026-05-04,2026-08-03T15:45:00,v2.0,Demo
AD_0124,Health,Mobile,Tamil Nadu,Text,0.59,0.0,18,680,0.0274,0.0,10.62,0.0,0.0,0,0.0283,0.0283,40.0,680,0.0,0.16,0.0831,google,Mobile,0.0,10.62,0.0,Morning,7,12.7,2026-05-05,2026-05-05,0.23,-1.0,0.0,0,0.0,0.137,0.0831,25,New,Urban,Spring,2026-05-05,2026-08-03T15:45:00,v2.0,Demo
AD_0125,Food,All-Devices,Maharashtra,Text,1.22,0.0,19,710,0.0272,0.0,23.18,0.0,0.0,0,0.0105,0.0105,20.0,710,0.0,0.1,0.0868,facebook,All-Devices,0.0,23.18,0.0,Morning,1,11.0,2026-05-06,2026-05-06,0.11,-1.0,0.0,0,0.0,0.136,0.0868,106,Growing,Semi-Urban,Winter,2026-05-06,2026-08-03T15:45:00,v2.0,Demo
AD_0126,Travel,Desktop,Delhi,Image,0.77,0.0,23,711,0.0335,0.0,17.71,100.35,5.67,1,0.0092,0.0092,21.0,711,0.0,0.09,0.0923,other,Desktop,5.88,17.71,100.35,Afternoon,7,14.8,2026-05-07,2026-05-07,0.22,0.8235,17.71,1,0.0565,0.168,0.0923,61,Declining,Urban,Winter,2026-05-07,2026-08-03T15:45:00,v2.0,Demo
AD_0127,Health,Desktop,Uttar Pradesh,Carousel,1.14,0.0,9,854,0.0111,0.0,10.26,58.23,5.68,1,0.0318,0.0318,46.0,854,0.0,0.11,0.0339,other,Desktop,5.26,10.26,58.23,Night,1,11.3,2026-05-08,2026-05-08,0.05,0.8238,10.26,0,0.0975,0.056,0.0339,44,New,Rural,Fall,2026-05-08,2026-08-03T15:45:00,v2.0,Demo
AD_0128,Health,All-Devices,Karnataka,Video,0.35,5.4,10,468,0.022,2.8,3.5,0.0,0.0,0,0.0285,0.0285,47.0,468,0.52,0.06,0.0914,other,All-Devices,0.0,3.5,0.0,Afternoon,7,8.2,2026-05-09,2026-05-09,1.06,-1.0,0.0,0,0.0,0.37,0.0914,110,New,Urban,Summer,2026-05-09,2026-08-03T15:45:00,v2.0,Demo
AD_0129,Electronics,Tablet,Tamil Nadu,Image,1.3,0.0,35,1037,0.0344,0.0,45.5,0.0,0.0,0,0.0202,0.0202,32.0,1037,0.0,0.16,0.0389,facebook,Tablet,0.0,45.5,0.0,Evening,2,7.0,2026-05-10,2026-05-10,0.13,-1.0,0.0,0,0.0,0.172,0.0389,97,Mature,Rural,Spring,2026-05-10,2026-08-03T15:45:00,v2.0,Demo
AD_0130,Health,Tablet,Uttar Pradesh,Video,1.11,27.9,12,1233,0.01,16.2,13.32,0.0,0.0,0,0.0242,0.0242,27.0,1233,0.58,0.05,0.0597,other,Tablet,0.0,13.32,0.0,Night,4,13.3,2026-05-11,2026-05-11,0.31,-1.0,0.0,0,0.0,0.34,0.0597,46,Declining,Urban,Winter,2026-05-11,2026-08-03T15:45:00,v2.0,Demo
AD_0131,Gaming,All-Devices,Karnataka,Video,1.37,22.4,18,699,0.026,15.9,24.66,80.96,3.28,1,0.0159,0.0159,52.0,699,0.71,0.15,0.0145,facebook,All-Devices,3.12,24.66,80.96,Afternoon,1,18.7,2026-05-12,2026-05-12,0.35,0.6954,24.66,1,0.0406,0.485,0.0145,14,Mature,Urban,Winter,2026-05-12,2026-08-03T15:45:00,v2.0,Demo
AD_0132,Travel,All-Devices,Karnataka,Image,0.33,0.0,23,1018,0.0226,0.0,7.59,0.0,0.0,0,0.0219,0.0219,27.0,1018,0.0,0.08,0.0139,other,All-Devices,0.0,7.59,0.0,Morning,7,15.0,2026-05-13,2026-05-13,0.34,-1.0,0.0,0,0.0,0.113,0.0139,8,Growing,Semi-Urban,Winter,2026-05-13,2026-08-03T15:45:00,v2.0,Demo
AD_0133,Health,Desktop,Maharashtra,Video,0.95,21.4,14,639,0.0226,17.5,13.3,35.57,2.67,1,0.0227,0.0227,41.0,639,0.82,0.08,0.0748,facebook,Desktop,2.88,13.3,35.57,Afternoon,2,21.0,2026-05-14,2026-05-14,0.55,0.6261,13.3,1,0.0752,0.523,0.0748,48,Growing,Rural,Spring,2026-05-14,2026-08-03T15:45:00,v2.0,Demo
AD_0134,Electronics,Tablet,Delhi,Carousel,0.96,0.0,29,1150,0.0259,0.0,27.84,78.18,2.81,1,0.0186,0.0186,59.0,1150,0.0,0.15,0.05,instagram,Tablet,2.64,27.84,78.18,Morning,7,11.0,2026-05-15,2026-05-15,0.14,0.6439,27.84,1,0.0359,0.13,0.05,14,Mature,Rural,Spring,2026-05-15,2026-08-03T15:45:00,v2.0,Demo
AD_0135,Gaming,All-Devices,Delhi,Video,0.63,17.1,18,558,0.0329,9.9,11.34,0.0,0.0,0,0.0367,0.0367,24.0,558,0.58,0.2,0.0331,instagram,All-Devices,0.0,11.34,0.0,Afternoon,6,10.9,2026-05-16,2026-05-16,0.72,-1.0,0.0,0,0.0,0.454,0.0331,65,Declining,Rural,Summer,2026-05-16,2026-08-03T15:45:00,v2.0,Demo
AD_0136,Fashion,Desktop,Uttar Pradesh,Carousel,0.77,0.0,13,490,0.0285,0.0,10.01,0.0,0.0,0,0.0056,0.0056,58.0,490,0.0,0.17,0.0271,instagram,Desktop,0.0,10.01,0.0,Afternoon,2,9.2,2026-05-17,2026-05-17,0.19,-1.0,0.0,0,0.0,0.143,0.0271,80,New,Semi-Urban,Fall,2026-05-17,2026-08-03T15:45:00,v2.0,Demo
AD_0137,Travel,Tablet,Delhi,Carousel,0.2,0.0,8,1327,0.0067,0.0,1.6,0.0,0.0,0,0.0324,0.0324,26.0,1327,0.0,0.08,0.0703,instagram,Tablet,0.0,1.6,0.0,Afternoon,4,9.3,2026-05-18,2026-05-18,0.17,-1.0,0.0,0,0.0,0.034,0.0703,82,Growing,Rural,Fall,2026-05-18,2026-08-03T15:45:00,v2.0,Demo
AD_0138,Health,Mobile,Tamil Nadu,Carousel,1.16,0.0,29,970,0.0306,0.0,33.64,0.0,0.0,0,0.0094,0.0094,42.0,970,0.0,0.08,0.01,instagram,Mobile,0.0,33.64,0.0,Morning,3,11.0,2026-05-19,2026-05-19,0.13,-1.0,0.0,0,0.0,0.153,0.01,7,Declining,Semi-Urban,Fall,2026-05-19,2026-08-03T15:45:00,v2.0,Demo
AD_0139,Electronics,Desktop,Delhi,Text,0.89,0.0,9,819,0.0118,0.0,8.01,0.0,0.0,0,0.0329,0.0329,34.0,819,0.0,0.18,0.0825,other,Desktop,0.0,8.01,0.0,Afternoon,4,18.1,2026-05-20,2026-05-20,0.07,-1.0,0.0,0,0.0,0.059,0.0825,79,Declining,Urban,Winter,2026-05-20,2026-08-03T15:45:00,v2.0,Demo
AD_0140,Fashion,Tablet,Uttar Pradesh,Video,0.23,19.0,22,1393,0.0163,3.6,5.06,0.0,0.0,0,0.0266,0.0266,59.0,1393,0.19,0.12,0.0171,other,Tablet,0.0,5.06,0.0,Night,3,19.7,2026-05-21,2026-05-21,0.77,-1.0,0.0,0,0.0,0.176,0.0171,88,Growing,Urban,Fall,2026-05-21,2026-08-03T15:45:00,v2.0,Demo
AD_0141,Fashion,Tablet,Delhi,Image,1.07,0.0,5,312,0.0189,0.0,5.35,0.0,0.0,0,0.0345,0.0345,29.0,312,0.0,0.07,0.0272,other,Tablet,0.0,5.35,0.0,Night,2,20.7,2026-05-22,2026-05-22,0.09,-1.0,0.0,0,0.0,0.094,0.0272,49,Growing,Rural,Winter,2026-05-22,2026-08-03T15:45:00,v2.0,Demo
AD_0142,Food,Desktop,Tamil Nadu,Image,0.78,0.0,28,1447,0.0194,0.0,21.84,0.0,0.0,0,0.0084,0.0084,35.0,1447,0.0,0.18,0.0448,facebook,Desktop,0.0,21.84,0.0,Night,6,10.3,2026-05-23,2026-05-23,0.12,-1.0,0.0,0,0.0,0.097,0.0448,115,Declining,Urban,Summer,2026-05-23,2026-08-03T15:45:00,v2.0,Demo
AD_0143,Gaming,Mobile,Maharashtra,Video,0.2,13.0,12,686,0.0181,4.9,2.4,0.0,0.0,0,0.0246,0.0246,59.0,686,0.38,0.17,0.0536,facebook,Mobile,0.0,2.4,0.0,Morning,6,19.3,2026-05-24,2026-05-24,1.4,-1.0,0.0,0,0.0,0.28,0.0536,55,New,Urban,Winter,2026-05-24,2026-08-03T15:45:00,v2.0,Demo
AD_0144,Health,Desktop,Uttar Pradesh,Text,1.46,0.0,41,1240,0.0331,0.0,59.86,0.0,0.0,0,0.0225,0.0225,41.0,1240,0.0,0.2,0.0419,facebook,Desktop,0.0,59.86,0.0,Morning,1,11.6,2026-05-25,2026-05-25,0.11,-1.0,0.0,0,0.0,0.165,0.0419,13,Mature,Rural,Summer,2026-05-25,2026-08-03T15:45:00,v2.0,Demo
AD_0145,Electronics,Tablet,Maharashtra,Text,1.43,0.0,13,508,0.0262,0.0,18.59,53.34,2.87,1,0.0297,0.0297,39.0,508,0.0,0.19,0.0389,facebook,Tablet,2.87,18.59,53.34,Night,6,8.6,2026-05-26,2026-05-26,0.09,0.6515,18.59,1,0.0538,0.131,0.0389,73,Growing,Urban,Summer,2026-05-26,2026-08-03T15:45:00,v2.0,Demo
AD_0146,Food,All-Devices,Maharashtra,Carousel,0.84,0.0,25,1048,0.0239,0.0,21.0,0.0,0.0,0,0.0237,0.0237,29.0,1048,0.0,0.18,0.0968,instagram,All-Devices,0.0,21.0,0.0,Night,5,19.2,2026-05-27,2026-05-27,0.14,-1.0,0.0,0,0.0,0.12,0.0968,56,Mature,Rural,Fall,2026-05-27,2026-08-03T15:45:00,v2.0,Demo
AD_0147,Gaming,All-Devices,Maharashtra,Video,0.28,38.1,8,1353,0.0065,28.6,2.24,38.09,17.0,1,0.0239,0.0239,47.0,1353,0.75,0.06,0.0677,instagram,All-Devices,16.15,2.24,38.09,Night,2,15.9,2026-05-28,2026-05-28,1.46,0.9412,2.24,0,0.4464,0.408,0.0677,56,Declining,Rural,Fall,2026-05-28,2026-08-03T15:45:00,v2.0,Demo
AD_0148,Food,Desktop,Karnataka,Video,1.17,15.2,24,749,0.0321,12.3,28.08,0.0,0.0,0,0.02,0.02,19.0,749,0.81,0.07,0.0121,instagram,Desktop,0.0,28.08,0.0,Evening,1,9.3,2026-05-29,2026-05-29,0.48,-1.0,0.0,0,0.0,0.566,0.0121,15,Mature,Urban,Winter,2026-05-29,2026-08-03T15:45:00,v2.0,Demo
AD_0149,Travel,Tablet,Karnataka,Image,0.81,0.0,11,351,0.0323,0.0,8.91,0.0,0.0,0,0.0158,0.0158,20.0,351,0.0,0.14,0.0487,google,Tablet,0.0,8.91,0.0,Night,6,13.0,2026-05-30,2026-05-30,0.2,-1.0,0.0,0,0.0,0.162,0.0487,57,New,Urban,Spring,2026-05-30,2026-08-03T15:45:00,v2.0,Demo
AD_0150,Gaming,All-Devices,Maharashtra,Video,0.56,6.7,36,1291,0.0284,4.3,20.16,86.38,4.28,1,0.0219,0.0219,43.0,1291,0.64,0.13,0.0888,other,All-Devices,3.87,20.16,86.38,Afternoon,2,11.0,2026-05-31,2026-05-31,0.82,0.7666,20.16,1,0.0496,0.462,0.0888,58,Declining,Urban,Fall,2026-05-31,2026-08-03T15:45:00,v2.0,Demo
AD_0151,Gaming,Tablet,Uttar Pradesh,Text,0.81,0.0,6,1175,0.0052,0.0,4.86,55.86,11.49,1,0.0091,0.0091,32.0,1175,0.0,0.12,0.0371,facebook,Tablet,11.12,4.86,55.86,Evening,4,17.3,2026-06-01,2026-06-01,0.03,0.913,4.86,0,0.2058,0.026,0.0371,35,New,Urban,Fall,2026-06-01,2026-08-03T15:45:00,v2.0,Demo
AD_0152,Health,Desktop,Tamil Nadu,Video,0.86,18.2,4,603,0.0067,8.0,3.44,0.0,0.0,0,0.0387,0.0387,58.0,603,0.44,0.11,0.0185,facebook,Desktop,0.0,3.44,0.0,Evening,6,13.3,2026-06-02,2026-06-02,0.3,-1.0,0.0,0,0.0,0.254,0.0185,88,Declining,Urban,Spring,2026-06-02,2026-08-03T15:45:00,v2.0,Demo
AD_0153,Gaming,All-Devices,Tamil Nadu,Image,0.91,0.0,3,337,0.0118,0.0,2.73,0.0,0.0,0,0.03,0.03,56.0,337,0.0,0.11,0.0783,instagram,All-Devices,0.0,2.73,0.0,Morning,7,20.8,2026-06-03,2026-06-03,0.06,-1.0,0.0,0,0.0,0.059,0.0783,97,New,Semi-Urban,Spring,2026-06-03,2026-08-03T15:45:00,v2.0,Demo
AD_0154,Food,Tablet,Delhi,Carousel,0.75,0.0,11,1240,0.0089,0.0,8.25,89.65,10.87,1,0.0383,0.0383,48.0,1240,0.0,0.14,0.0645,facebook,Tablet,10.91,8.25,89.65,Afternoon,3,7.8,2026-06-04,2026-06-04,0.06,0.908,8.25,0,0.1212,0.044,0.0645,16,Declining,Urban,Fall,2026-06-04,2026-08-03T15:45:00,v2.0,Demo
AD_0155,Gaming,All-Devices,Uttar Pradesh,Image,0.97,0.0,11,670,0.017,0.0,10.67,0.0,0.0,0,0.0129,0.0129,52.0,670,0.0,0.05,0.0613,facebook,All-Devices,0.0,10.67,0.0,Morning,2,12.0,2026-06-05,2026-06-05,0.09,-1.0,0.0,0,0.0,0.085,0.0613,8,New,Semi-Urban,Spring,2026-06-05,2026-08-03T15:45:00,v2.0,Demo
AD_0156,Health,Desktop,Karnataka,Image,1.39,0.0,34,1055,0.0327,0.0,47.26,98.32,2.08,1,0.0358,0.0358,46.0,1055,0.0,0.09,0.0148,other,Desktop,1.88,47.26,98.32,Morning,1,13.7,2026-06-06,2026-06-06,0.12,0.5193,47.26,1,0.0212,0.164,0.0148,93,Declining,Rural,Winter,2026-06-06,2026-08-03T15:45:00,v2.0,Demo
AD_0157,Health,Tablet,Maharashtra,Carousel,0.64,0.0,1,85,0.0192,0.0,0.64,0.0,0.0,0,0.0333,0.0333,23.0,85,0.0,0.13,0.0226,instagram,Tablet,0.0,0.64,0.0,Afternoon,4,14.0,2026-06-07,2026-06-07,0.15,-1.0,0.0,0,0.0,0.096,0.0226,87,New,Urban,Summer,2026-06-07,2026-08-03T15:45:00,v2.0,Demo
AD_0158,Travel,All-Devices,Delhi,Image,1.13,0.0,4,793,0.0054,0.0,4.52,0.0,0.0,0,0.0287,0.0287,50.0,793,0.0,0.16,0.066,other,All-Devices,0.0,4.52,0.0,Morning,5,11.4,2026-06-08,2026-06-08,0.02,-1.0,0.0,0,0.0,0.027,0.066,45,Declining,Urban,Summer,2026-06-08,2026-08-03T15:45:00,v2.0,Demo
AD_0159,Food,Desktop,Tamil Nadu,Image,1.36,0.0,5,402,0.0135,0.0,6.8,0.0,0.0,0,0.0269,0.0269,27.0,402,0.0,0.08,0.0287,google,Desktop,0.0,6.8,0.0,Afternoon,4,17.2,2026-06-09,2026-06-09,0.05,-1.0,0.0,0,0.0,0.068,0.0287,95,New,Urban,Fall,2026-06-09,2026-08-03T15:45:00,v2.0,Demo
AD_0160,Fashion,All-Devices,Karnataka,Video,0.77,41.5,1,122,0.0063,24.1,0.77,79.75,103.57,1,0.0161,0.0161,32.0,122,0.58,0.13,0.0554,google,All-Devices,103.35,0.77,79.75,Afternoon,6,19.2,2026-06-10,2026-06-10,0.42,0.9903,0.77,0,1.2987,0.322,0.0554,40,Growing,Rural,Fall,2026-06-10,2026-08-03T15:45:00,v2.0,Demo
AD_0161,Fashion,All-Devices,Karnataka,Video,0.75,7.4,4,697,0.0061,2.8,3.0,0.0,0.0,0,0.0336,0.0336,52.0,697,0.38,0.16,0.059,google,All-Devices,0.0,3.0,0.0,Morning,3,20.1,2026-06-11,2026-06-11,0.29,-1.0,0.0,0,0.0,0.22,0.059,113,Mature,Semi-Urban,Winter,2026-06-11,2026-08-03T15:45:00,v2.0,Demo
AD_0162,Gaming,Mobile,Maharashtra,Carousel,0.96,0.0,18,1426,0.0133,0.0,17.28,0.0,0.0,0,0.0226,0.0226,41.0,1426,0.0,0.12,0.0355,instagram,Mobile,0.0,17.28,0.0,Night,4,18.3,2026-06-12,2026-06-12,0.07,-1.0,0.0,0,0.0,0.066,0.0355,54,Declining,Semi-Urban,Spring,2026-06-12,2026-08-03T15:45:00,v2.0,Demo
AD_0163,Travel,Mobile,Tamil Nadu,Video,0.95,12.3,15,1143,0.0133,6.6,14.25,56.68,3.98,1,0.0075,0.0075,54.0,1143,0.54,0.05,0.0954,facebook,Mobile,3.6,14.25,56.68,Morning,5,18.9,2026-06-13,2026-06-13,0.35,0.7486,14.25,0,0.0702,0.336,0.0954,119,New,Urban,Fall,2026-06-13,2026-08-03T15:45:00,v2.0,Demo
AD_0164,Electronics,Desktop,Uttar Pradesh,Video,1.24,17.8,13,474,0.0286,10.0,16.12,111.97,6.95,1,0.016,0.016,27.0,474,0.56,0.12,0.0858,instagram,Desktop,7.06,16.12,111.97,Evening,7,14.7,2026-06-14,2026-06-14,0.34,0.856,16.12,1,0.062,0.423,0.0858,14,Growing,Urban,Summer,2026-06-14,2026-08-03T15:45:00,v2.0,Demo
AD_0165,Gaming,Mobile,Karnataka,Image,0.79,0.0,35,1048,0.0342,0.0,27.65,79.27,2.87,1,0.0377,0.0377,44.0,1048,0.0,0.09,0.075,instagram,Mobile,2.9,27.65,79.27,Morning,1,18.6,2026-06-15,2026-06-15,0.22,0.6512,27.65,1,0.0362,0.171,0.075,59,Declining,Urban,Winter,2026-06-15,2026-08-03T15:45:00,v2.0,Demo
AD_0166,Travel,Desktop,Maharashtra,Text,1.49,0.0,12,757,0.0161,0.0,17.88,0.0,0.0,0,0.0348,0.0348,22.0,757,0.0,0.19,0.017,facebook,Desktop,0.0,17.88,0.0,Afternoon,2,11.2,2026-06-16,2026-06-16,0.05,-1.0,0.0,0,0.0,0.08,0.017,117,Declining,Urban,Winter,2026-06-16,2026-08-03T15:45:00,v2.0,Demo
AD_0167,Food,Mobile,Uttar Pradesh,Video,0.23,14.7,10,610,0.0179,3.1,2.3,0.0,0.0,0,0.0394,0.0394,45.0,610,0.21,0.07,0.0196,other,Mobile,0.0,2.3,0.0,Evening,3,12.6,2026-06-17,2026-06-17,0.84,-1.0,0.0,0,0.0,0.194,0.0196,94,Declining,Rural,Spring,2026-06-17,2026-08-03T15:45:00,v2.0,Demo
AD_0168,Food,All-Devices,Tamil Nadu,Text,0.15,0.0,26,877,0.0303,0.0,3.9,0.0,0.0,0,0.027,0.027,50.0,877,0.0,0.15,0.0544,google,All-Devices,0.0,3.9,0.0,Afternoon,5,11.4,2026-06-18,2026-06-18,1.01,-1.0,0.0,0,0.0,0.152,0.0544,53,Mature,Urban,Fall,2026-06-18,2026-08-03T15:45:00,v2.0,Demo
AD_0169,Food,Desktop,Karnataka,Video,1.01,17.7,13,1005,0.013,11.2,13.13,0.0,0.0,0,0.0137,0.0137,43.0,1005,0.63,0.06,0.0245,other,Desktop,0.0,13.13,0.0,Night,6,13.5,2026-06-19,2026-06-19,0.38,-1.0,0.0,0,0.0,0.38,0.0245,103,New,Rural,Fall,2026-06-19,2026-08-03T15:45:00,v2.0,Demo
AD_0170,Food,Desktop,Uttar Pradesh,Video,0.55,9.2,5,566,0.0097,3.1,2.75,0.0,0.0,0,0.0107,0.0107,29.0,566,0.34,0.12,0.098,google,Desktop,0.0,2.75,0.0,Night,6,11.0,2026-06-20,2026-06-20,0.4,-1.0,0.0,0,0.0,0.219,0.098,27,New,Urban,Winter,2026-06-20,2026-08-03T15:45:00,v2.0,Demo
AD_0171,Food,All-Devices,Uttar Pradesh,Carousel,0.47,0.0,14,477,0.0306,0.0,6.58,104.46,15.88,1,0.0115,0.0115,19.0,477,0.0,0.13,0.0243,instagram,All-Devices,17.27,6.58,104.46,Evening,6,20.5,2026-06-21,2026-06-21,0.33,0.937,6.58,1,0.152,0.153,0.0243,47,Declining,Semi-Urban,Summer,2026-06-21,2026-08-03T15:45:00,v2.0,Demo
AD_0172,Travel,Desktop,Uttar Pradesh,Carousel,0.57,0.0,1,209,0.0064,0.0,0.57,82.64,144.98,1,0.0057,0.0057,23.0,209,0.0,0.09,0.0539,google,Desktop,135.25,0.57,82.64,Night,3,11.4,2026-06-22,2026-06-22,0.06,0.9931,0.57,0,1.7544,0.032,0.0539,80,Declining,Semi-Urban,Fall,2026-06-22,2026-08-03T15:45:00,v2.0,Demo
AD_0173,Travel,Desktop,Karnataka,Carousel,0.5,0.0,4,198,0.0236,0.0,2.0,0.0,0.0,0,0.0187,0.0187,44.0,198,0.0,0.12,0.0428,instagram,Desktop,0.0,2.0,0.0,Night,4,8.4,2026-06-23,2026-06-23,0.24,-1.0,0.0,0,0.0,0.118,0.0428,115,Declining,Urban,Summer,2026-06-23,2026-08-03T15:45:00,v2.0,Demo
AD_0174,Health,Mobile,Karnataka,Text,0.19,0.0,18,825,0.0219,0.0,3.42,102.26,29.9,1,0.0117,0.0117,57.0,825,0.0,0.07,0.0675,other,Mobile,28.49,3.42,102.26,Morning,3,14.4,2026-06-24,2026-06-24,0.58,0.9666,3.42,1,0.2924,0.11,0.0675,6,Growing,Urban,Winter,2026-06-24,2026-08-03T15:45:00,v2.0,Demo
AD_0175,Fashion,Desktop,Delhi,Image,1.46,0.0,20,1303,0.0154,0.0,29.2,0.0,0.0,0,0.0194,0.0194,27.0,1303,0.0,0.1,0.0216,instagram,Desktop,0.0,29.2,0.0,Morning,6,7.8,2026-06-25,2026-06-25,0.05,-1.0,0.0,0,0.0,0.077,0.0216,55,Declining,Rural,Fall,2026-06-25,2026-08-03T15:45:00,v2.0,Demo
AD_0176,Food,Tablet,Tamil Nadu,Video,0.45,19.5,1,116,0.0145,6.8,0.45,0.0,0.0,0,0.0377,0.0377,49.0,116,0.35,0.14,0.0487,other,Tablet,0.0,0.45,0.0,Night,7,8.5,2026-06-26,2026-06-26,0.55,-1.0,0.0,0,0.0,0.248,0.0487,97,Mature,Urban,Summer,2026-06-26,2026-08-03T15:45:00,v2.0,Demo
AD_0177,Electronics,All-Devices,Maharashtra,Video,1.14,10.0,29,1063,0.0282,5.1,33.06,61.03,1.85,1,0.0201,0.0201,54.0,1063,0.51,0.1,0.0347,facebook,All-Devices,2.03,33.06,61.03,Night,5,10.1,2026-06-27,2026-06-27,0.35,0.4583,33.06,0,0.0302,0.396,0.0347,44,New,Urban,Winter,2026-06-27,2026-08-03T15:45:00,v2.0,Demo
AD_0178,Travel,Mobile,Uttar Pradesh,Video,1.18,15.1,3,430,0.0076,10.1,3.54,0.0,0.0,0,0.0357,0.0357,40.0,430,0.67,0.18,0.0899,facebook,Mobile,0.0,3.54,0.0,Morning,2,13.5,2026-06-28,2026-06-28,0.32,-1.0,0.0,0,0.0,0.373,0.0899,18,Mature,Urban,Summer,2026-06-28,2026-08-03T15:45:00,v2.0,Demo
AD_0179,Electronics,Mobile,Delhi,Text,1.4,0.0,1,107,0.0121,0.0,1.4,0.0,0.0,0,0.0262,0.0262,46.0,107,0.0,0.14,0.0137,facebook,Mobile,0.0,1.4,0.0,Night,2,13.1,2026-06-29,2026-06-29,0.04,-1.0,0.0,0,0.0,0.06,0.0137,16,Declining,Semi-Urban,Fall,2026-06-29,2026-08-03T15:45:00,v2.0,Demo
AD_0180,Electronics,Tablet,Maharashtra,Carousel,0.19,0.0,35,1332,0.027,0.0,6.65,0.0,0.0,0,0.0136,0.0136,52.0,1332,0.0,0.12,0.0922,instagram,Tablet,0.0,6.65,0.0,Night,3,18.2,2026-06-30,2026-06-30,0.71,-1.0,0.0,0,0.0,0.135,0.0922,12,Growing,Rural,Spring,2026-06-30,2026-08-03T15:45:00,v2.0,Demo
AD_0181,Electronics,All-Devices,Delhi,Image,1.33,0.0,8,391,0.0214,0.0,10.64,40.0,3.76,1,0.0175,0.0175,29.0,391,0.0,0.06,0.085,facebook,All-Devices,3.93,10.64,40.0,Afternoon,6,17.4,2026-07-01,2026-07-01,0.08,0.734,10.64,1,0.094,0.107,0.085,20,Declining,Semi-Urban,Summer,2026-07-01,2026-08-03T15:45:00,v2.0,Demo
AD_0182,Health,All-Devices,Karnataka,Text,0.86,0.0,10,1203,0.0088,0.0,8.6,0.0,0.0,0,0.0079,0.0079,30.0,1203,0.0,0.12,0.0368,google,All-Devices,0.0,8.6,0.0,Night,1,13.0,2026-07-02,2026-07-02,0.05,-1.0,0.0,0,0.0,0.044,0.0368,45,Declining,Rural,Spring,2026-07-02,2026-08-03T15:45:00,v2.0,Demo
AD_0183,Travel,Mobile,Uttar Pradesh,Carousel,1.0,0.0,24,776,0.0315,0.0,24.0,108.76,4.53,1,0.0167,0.0167,18.0,776,0.0,0.16,0.081,other,Mobile,4.31,24.0,108.76,Evening,7,11.7,2026-07-03,2026-07-03,0.16,0.7793,24.0,1,0.0417,0.158,0.081,64,Declining,Semi-Urban,Fall,2026-07-03,2026-08-03T15:45:00,v2.0,Demo
AD_0184,Electronics,Desktop,Maharashtra,Text,1.02,0.0,20,1245,0.0168,0.0,20.4,0.0,0.0,0,0.0287,0.0287,58.0,1245,0.0,0.09,0.0128,other,Desktop,0.0,20.4,0.0,Afternoon,3,11.4,2026-07-04,2026-07-04,0.08,-1.0,0.0,0,0.0,0.084,0.0128,104,Declining,Urban,Spring,2026-07-04,2026-08-03T15:45:00,v2.0,Demo
AD_0185,Food,Mobile,Maharashtra,Image,1.26,0.0,24,819,0.0298,0.0,30.24,42.7,1.41,1,0.0075,0.0075,57.0,819,0.0,0.17,0.097,google,Mobile,1.33,30.24,42.7,Evening,6,17.8,2026-07-05,2026-07-05,0.12,0.2918,30.24,0,0.0331,0.149,0.097,59,Declining,Semi-Urban,Winter,2026-07-05,2026-08-03T15:45:00,v2.0,Demo
AD_0186,Gaming,All-Devices,Maharashtra,Carousel,0.6,0.0,18,663,0.0286,0.0,10.8,0.0,0.0,0,0.0122,0.0122,50.0,663,0.0,0.09,0.0574,instagram,All-Devices,0.0,10.8,0.0,Night,4,7.7,2026-07-06,2026-07-06,0.24,-1.0,0.0,0,0.0,0.143,0.0574,93,New,Semi-Urban,Spring,2026-07-06,2026-08-03T15:45:00,v2.0,Demo
AD_0187,Electronics,Tablet,Maharashtra,Text,1.14,0.0,30,1282,0.0237,0.0,34.2,0.0,0.0,0,0.0184,0.0184,21.0,1282,0.0,0.17,0.0373,instagram,Tablet,0.0,34.2,0.0,Morning,2,7.2,2026-07-07,2026-07-07,0.1,-1.0,0.0,0,0.0,0.118,0.0373,94,Mature,Rural,Summer,2026-07-07,2026-08-03T15:45:00,v2.0,Demo
AD_0188,Health,Mobile,Maharashtra,Image,0.86,0.0,7,403,0.0198,0.0,6.02,0.0,0.0,0,0.0394,0.0394,37.0,403,0.0,0.06,0.0426,other,Mobile,0.0,6.02,0.0,Afternoon,2,18.1,2026-07-08,2026-07-08,0.12,-1.0,0.0,0,0.0,0.099,0.0426,90,Growing,Rural,Summer,2026-07-08,2026-08-03T15:45:00,v2.0,Demo
AD_0189,Travel,All-Devices,Delhi,Video,1.22,15.2,5,165,0.0344,11.1,6.1,89.07,14.6,1,0.0325,0.0325,22.0,165,0.73,0.18,0.016,facebook,All-Devices,13.81,6.1,89.07,Morning,7,13.7,2026-07-09,2026-07-09,0.44,0.9315,6.1,1,0.1639,0.537,0.016,22,Declining,Semi-Urban,Spring,2026-07-09,2026-08-03T15:45:00,v2.0,Demo
AD_0190,Health,Mobile,Uttar Pradesh,Image,1.49,0.0,12,1337,0.0093,0.0,17.88,78.16,4.37,1,0.0307,0.0307,19.0,1337,0.0,0.12,0.099,instagram,Mobile,4.38,17.88,78.16,Afternoon,2,8.8,2026-07-10,2026-07-10,0.03,0.7712,17.88,0,0.0559,0.046,0.099,97,Growing,Rural,Winter,2026-07-10,2026-08-03T15:45:00,v2.0,Demo
AD_0191,Electronics,Desktop,Karnataka,Video,0.42,11.6,19,711,0.0268,8.1,7.98,37.38,4.68,1,0.0091,0.0091,44.0,711,0.7,0.09,0.0135,instagram,Desktop,4.45,7.98,37.38,Morning,1,10.3,2026-07-11,2026-07-11,1.15,0.7865,7.98,1,0.1253,0.484,0.0135,117,New,Rural,Fall,2026-07-11,2026-08-03T15:45:00,v2.0,Demo
AD_0192,Travel,Mobile,Karnataka,Text,1.49,0.0,5,502,0.0107,0.0,7.45,33.14,4.45,1,0.0323,0.0323,58.0,502,0.0,0.09,0.0689,google,Mobile,4.84,7.45,33.14,Afternoon,6,20.1,2026-07-12,2026-07-12,0.04,0.7752,7.45,0,0.1342,0.054,0.0689,103,Mature,Rural,Spring,2026-07-12,2026-08-03T15:45:00,v2.0,Demo
AD_0193,Gaming,Mobile,Karnataka,Carousel,0.27,0.0,5,336,0.0151,0.0,1.35,119.08,88.21,1,0.0325,0.0325,56.0,336,0.0,0.11,0.0498,google,Mobile,95.37,1.35,119.08,Afternoon,6,19.0,2026-07-13,2026-07-13,0.28,0.9887,1.35,0,0.7407,0.076,0.0498,47,Declining,Rural,Summer,2026-07-13,2026-08-03T15:45:00,v2.0,Demo
AD_0194,Electronics,All-Devices,Karnataka,Carousel,0.15,0.0,19,1376,0.0143,0.0,2.85,0.0,0.0,0,0.026,0.026,47.0,1376,0.0,0.2,0.0954,facebook,All-Devices,0.0,2.85,0.0,Evening,7,16.9,2026-07-14,2026-07-14,0.48,-1.0,0.0,0,0.0,0.072,0.0954,29,New,Rural,Summer,2026-07-14,2026-08-03T15:45:00,v2.0,Demo
AD_0195,Health,All-Devices,Delhi,Text,0.21,0.0,35,1066,0.0334,0.0,7.35,70.01,9.53,1,0.0397,0.0397,22.0,1066,0.0,0.08,0.0321,instagram,All-Devices,9.25,7.35,70.01,Morning,6,13.8,2026-07-15,2026-07-15,0.8,0.895,7.35,1,0.1361,0.167,0.0321,86,New,Semi-Urban,Spring,2026-07-15,2026-08-03T15:45:00,v2.0,Demo
AD_0196,Fashion,All-Devices,Tamil Nadu,Carousel,0.61,0.0,12,360,0.034,0.0,7.32,75.42,10.3,1,0.0164,0.0164,30.0,360,0.0,0.07,0.0579,instagram,All-Devices,10.06,7.32,75.42,Evening,7,14.3,2026-07-16,2026-07-16,0.28,0.9029,7.32,1,0.1366,0.17,0.0579,45,Mature,Rural,Spring,2026-07-16,2026-08-03T15:45:00,v2.0,Demo
AD_0197,Food,Mobile,Uttar Pradesh,Carousel,1.0,0.0,2,257,0.0105,0.0,2.0,0.0,0.0,0,0.0379,0.0379,31.0,257,0.0,0.14,0.0534,google,Mobile,0.0,2.0,0.0,Evening,6,20.7,2026-07-17,2026-07-17,0.05,-1.0,0.0,0,0.0,0.053,0.0534,77,Declining,Urban,Spring,2026-07-17,2026-08-03T15:45:00,v2.0,Demo
AD_0198,Health,Desktop,Maharashtra,Video,0.24,7.7,3,667,0.0057,6.0,0.72,45.22,62.81,1,0.037,0.037,50.0,667,0.78,0.12,0.0733,instagram,Desktop,65.67,0.72,45.22,Morning,1,20.5,2026-07-18,2026-07-18,1.75,0.9841,0.72,0,1.3889,0.419,0.0733,9,Mature,Semi-Urban,Fall,2026-07-18,2026-08-03T15:45:00,v2.0,Demo
AD_0199,Travel,Tablet,Tamil Nadu,Text,0.16,0.0,13,495,0.0266,0.0,2.08,61.66,29.64,1,0.0054,0.0054,52.0,495,0.0,0.13,0.0161,other,Tablet,29.35,2.08,61.66,Afternoon,5,10.0,2026-07-19,2026-07-19,0.83,0.9663,2.08,1,0.4808,0.133,0.0161,24,Mature,Semi-Urban,Summer,2026-07-19,2026-08-03T15:45:00,v2.0,Demo
AD_0200,Electronics,Tablet,Karnataka,Image,1.42,0.0,12,719,0.0175,0.0,17.04,98.55,5.78,1,0.0208,0.0208,34.0,719,0.0,0.15,0.0274,google,Tablet,6.19,17.04,98.55,Evening,3,18.4,2026-07-20,2026-07-20,0.06,0.8271,17.04,0,0.0587,0.088,0.0274,15,Growing,Semi-Urban,Summer,2026-07-20,2026-08-03T15:45:00,v2.0,Demo
AD_0201,Food,All-Devices,Tamil Nadu,Video,1.26,33.9,5,682,0.0077,7.8,6.3,0.0,0.0,0,0.0392,0.0392,36.0,682,0.23,0.09,0.0293,facebook,All-Devices,0.0,6.3,0.0,Morning,3,9.8,2026-07-21,2026-07-21,0.12,-1.0,0.0,0,0.0,0.154,0.0293,36,Growing,Rural,Summer,2026-07-21,2026-08-03T15:45:00,v2.0,Demo
AD_0202,Electronics,All-Devices,Uttar Pradesh,Text,1.24,0.0,2,104,0.0255,0.0,2.48,87.41,35.25,1,0.0086,0.0086,20.0,104,0.0,0.19,0.0764,google,All-Devices,34.09,2.48,87.41,Afternoon,6,10.0,2026-07-22,2026-07-22,0.1,0.9716,2.48,1,0.4032,0.128,0.0764,13,Mature,Urban,Fall,2026-07-22,2026-08-03T15:45:00,v2.0,Demo
AD_0203,Travel,Mobile,Maharashtra,Video,1.34,33.6,20,961,0.0214,9.4,26.8,0.0,0.0,0,0.0242,0.0242,30.0,961,0.28,0.12,0.027,instagram,Mobile,0.0,26.8,0.0,Evening,4,16.5,2026-07-23,2026-07-23,0.18,-1.0,0.0,0,0.0,0.247,0.027,91,Growing,Rural,Winter,2026-07-23,2026-08-03T15:45:00,v2.0,Demo
AD_0204,Electronics,Tablet,Maharashtra,Image,1.1,0.0,37,1085,0.0344,0.0,40.7,99.12,2.44,1,0.0393,0.0393,37.0,1085,0.0,0.07,0.0616,facebook,Tablet,2.24,40.7,99.12,Evening,2,12.7,2026-07-24,2026-07-24,0.16,0.5894,40.7,1,0.0246,0.172,0.0616,44,New,Semi-Urban,Summer,2026-07-24,2026-08-03T15:45:00,v2.0,Demo
AD_0205,Fashion,All-Devices,Uttar Pradesh,Image,0.29,0.0,8,706,0.0118,0.0,2.32,69.09,29.78,1,0.0244,0.0244,23.0,706,0.0,0.16,0.0294,google,All-Devices,28.0,2.32,69.09,Evening,1,20.0,2026-07-25,2026-07-25,0.2,0.9664,2.32,0,0.431,0.059,0.0294,101,Mature,Semi-Urban,Summer,2026-07-25,2026-08-03T15:45:00,v2.0,Demo
AD_0206,Food,Desktop,Uttar Pradesh,Text,0.69,0.0,25,1473,0.0171,0.0,17.25,0.0,0.0,0,0.0116,0.0116,37.0,1473,0.0,0.15,0.0875,other,Desktop,0.0,17.25,0.0,Afternoon,4,8.2,2026-07-26,2026-07-26,0.12,-1.0,0.0,0,0.0,0.086,0.0875,71,Declining,Semi-Urban,Winter,2026-07-26,2026-08-03T15:45:00,v2.0,Demo
AD_0207,Food,Desktop,Karnataka,Image,1.13,0.0,21,1029,0.0213,0.0,23.73,85.69,3.61,1,0.0254,0.0254,54.0,1029,0.0,0.1,0.0948,other,Desktop,3.4,23.73,85.69,Evening,4,14.2,2026-07-27,2026-07-27,0.09,0.7231,23.73,1,0.0421,0.106,0.0948,72,Declining,Semi-Urban,Fall,2026-07-27,2026-08-03T15:45:00,v2.0,Demo
AD_0208,Travel,All-Devices,Maharashtra,Video,0.53,20.5,16,564,0.0288,9.0,8.48,89.88,10.6,1,0.0122,0.0122,42.0,564,0.44,0.14,0.0567,google,All-Devices,11.4,8.48,89.88,Afternoon,6,19.9,2026-07-28,2026-07-28,0.69,0.9057,8.48,1,0.1179,0.364,0.0567,101,New,Rural,Winter,2026-07-28,2026-08-03T15:45:00,v2.0,Demo
AD_0209,Fashion,All-Devices,Tamil Nadu,Image,1.08,0.0,6,286,0.0215,0.0,6.48,0.0,0.0,0,0.0232,0.0232,21.0,286,0.0,0.08,0.0417,other,All-Devices,0.0,6.48,0.0,Night,1,19.7,2026-07-29,2026-07-29,0.1,-1.0,0.0,0,0.0,0.107,0.0417,105,Declining,Urban,Winter,2026-07-29,2026-08-03T15:45:00,v2.0,Demo
AD_0210,Health,Tablet,Delhi,Video,0.18,17.4,31,1352,0.0234,4.4,5.58,0.0,0.0,0,0.0076,0.0076,26.0,1352,0.25,0.12,0.0311,other,Tablet,0.0,5.58,0.0,Evening,3,9.2,2026-07-30,2026-07-30,1.34,-1.0,0.0,0,0.0,0.242,0.0311,78,Declining,Urban,Winter,2026-07-30,2026-08-03T15:45:00,v2.0,Demo
AD_0211,Electronics,Tablet,Delhi,Video,0.56,16.7,4,397,0.0118,11.0,2.24,0.0,0.0,0,0.0262,0.0262,38.0,397,0.66,0.18,0.0145,other,Tablet,0.0,2.24,0.0,Night,2,12.1,2026-07-31,2026-07-31,0.69,-1.0,0.0,0,0.0,0.389,0.0145,76,Mature,Semi-Urban,Winter,2026-07-31,2026-08-03T15:45:00,v2.0,Demo
AD_0212,Gaming,Mobile,Uttar Pradesh,Image,0.89,0.0,20,676,0.0304,0.0,17.8,68.67,3.86,1,0.0231,0.0231,33.0,676,0.0,0.07,0.0342,facebook,Mobile,4.01,17.8,68.67,Morning,3,15.7,2026-08-01,2026-08-01,0.17,0.7408,17.8,1,0.0562,0.152,0.0342,36,New,Urban,Fall,2026-08-01,2026-08-03T15:45:00,v2.0,Demo
AD_0213,Electronics,Tablet,Karnataka,Text,1.0,0.0,21,1177,0.0179,0.0,21.0,0.0,0.0,0,0.0309,0.0309,33.0,1177,0.0,0.11,0.0689,other,Tablet,0.0,21.0,0.0,Evening,4,9.2,2026-08-02,2026-08-02,0.09,-1.0,0.0,0,0.0,0.09,0.0689,116,Mature,Semi-Urban,Fall,2026-08-02,2026-08-03T15:45:00,v2.0,Demo
AD_0214,Electronics,Desktop,Delhi,Carousel,0.93,0.0,6,679,0.0092,0.0,5.58,0.0,0.0,0,0.0271,0.0271,40.0,679,0.0,0.17,0.058,other,Desktop,0.0,5.58,0.0,Morning,2,20.6,2026-08-03,2026-08-03,0.05,-1.0,0.0,0,0.0,0.046,0.058,61,New,Semi-Urban,Winter,2026-08-03,2026-08-03T15:45:00,v2.0,Demo
AD_0215,Health,Desktop,Maharashtra,Image,1.09,0.0,32,1321,0.0249,0.0,34.88,38.96,1.12,1,0.0242,0.0242,43.0,1321,0.0,0.2,0.095,other,Desktop,1.14,34.88,38.96,Morning,5,19.8,2026-08-04,2026-08-04,0.11,0.1047,34.88,0,0.0287,0.124,0.095,104,Mature,Urban,Spring,2026-08-04,2026-08-03T15:45:00,v2.0,Demo
AD_0216,Electronics,All-Devices,Uttar Pradesh,Video,0.16,31.5,4,413,0.0115,15.8,0.64,84.29,131.7,1,0.0291,0.0291,51.0,413,0.5,0.12,0.0457,facebook,All-Devices,130.11,0.64,84.29,Morning,4,9.3,2026-08-05,2026-08-05,1.92,0.9924,0.64,0,1.5625,0.308,0.0457,81,Mature,Semi-Urban,Spring,2026-08-05,2026-08-03T15:45:00,v2.0,Demo
AD_0217,Fashion,Tablet,Tamil Nadu,Video,0.29,37.3,2,370,0.0079,28.0,0.58,77.12,132.97,1,0.01,0.01,32.0,370,0.75,0.13,0.0724,google,Tablet,121.46,0.58,77.12,Night,3,8.7,2026-08-06,2026-08-06,1.43,0.9925,0.58,0,1.7241,0.414,0.0724,40,Growing,Urban,Spring,2026-08-06,2026-08-03T15:45:00,v2.0,Demo
AD_0218,Fashion,Mobile,Uttar Pradesh,Image,1.32,0.0,10,335,0.0309,0.0,13.2,52.82,4.0,1,0.0258,0.0258,52.0,335,0.0,0.14,0.054,instagram,Mobile,3.97,13.2,52.82,Afternoon,3,8.2,2026-08-07,2026-08-07,0.12,0.7501,13.2,1,0.0758,0.154,0.054,117,Declining,Semi-Urban,Spring,2026-08-07,2026-08-03T15:45:00,v2.0,Demo
AD_0219,Food,Desktop,Tamil Nadu,Text,1.07,0.0,3,198,0.0188,0.0,3.21,0.0,0.0,0,0.011,0.011,32.0,198,0.0,0.19,0.0561,other,Desktop,0.0,3.21,0.0,Night,6,19.7,2026-08-08,2026-08-08,0.09,-1.0,0.0,0,0.0,0.094,0.0561,93,New,Urban,Summer,2026-08-08,2026-08-03T15:45:00,v2.0,Demo
AD_0220,Travel,Desktop,Uttar Pradesh,Text,0.3,0.0,31,1157,0.0275,0.0,9.3,74.3,7.99,1,0.0374,0.0374,20.0,1157,0.0,0.18,0.0341,google,Desktop,8.17,9.3,74.3,Night,3,9.7,2026-08-09,2026-08-09,0.46,0.8748,9.3,1,0.1075,0.138,0.0341,27,Declining,Semi-Urban,Fall,2026-08-09,2026-08-03T15:45:00,v2.0,Demo
AD_0221,Gaming,Mobile,Uttar Pradesh,Video,1.29,34.4,6,455,0.0137,6.9,7.74,0.0,0.0,0,0.0074,0.0074,41.0,455,0.2,0.08,0.0509,other,Mobile,0.0,7.74,0.0,Morning,1,12.8,2026-08-10,2026-08-10,0.13,-1.0,0.0,0,0.0,0.168,0.0509,1,Growing,Urban,Fall,2026-08-10,2026-08-03T15:45:00,v2.0,Demo
AD_0222,Electronics,Mobile,Uttar Pradesh,Video,0.48,13.3,29,1027,0.0286,10.4,13.92,88.69,6.37,1,0.0201,0.0201,43.0,1027,0.78,0.12,0.0524,facebook,Mobile,6.36,13.92,88.69,Evening,4,13.3,2026-08-11,2026-08-11,1.11,0.843,13.92,1,0.0718,0.533,0.0524,116,New,Semi-Urban,Winter,2026-08-11,2026-08-03T15:45:00,v2.0,Demo
AD_0223,Electronics,Desktop,Tamil Nadu,Text,0.8,0.0,4,505,0.0084,0.0,3.2,0.0,0.0,0,0.0294,0.0294,57.0,505,0.0,0.12,0.0736,google,Desktop,0.0,3.2,0.0,Afternoon,7,15.4,2026-08-12,2026-08-12,0.05,-1.0,0.0,0,0.0,0.042,0.0736,34,Growing,Semi-Urban,Summer,2026-08-12,2026-08-03T15:45:00,v2.0,Demo
AD_0224,Health,Desktop,Tamil Nadu,Carousel,0.35,0.0,13,849,0.0157,0.0,4.55,101.23,22.25,1,0.021,0.021,48.0,849,0.0,0.17,0.0947,facebook,Desktop,20.09,4.55,101.23,Morning,7,8.0,2026-08-13,2026-08-13,0.22,0.9551,4.55,0,0.2198,0.078,0.0947,68,Declining,Semi-Urban,Winter,2026-08-13,2026-08-03T15:45:00,v2.0,Demo
AD_0225,Travel,Mobile,Uttar Pradesh,Image,1.11,0.0,42,1234,0.0343,0.0,46.62,84.22,1.81,1,0.0082,0.0082,57.0,1234,0.0,0.14,0.0396,other,Mobile,1.74,46.62,84.22,Afternoon,2,10.2,2026-08-14,2026-08-14,0.15,0.4464,46.62,0,0.0215,0.172,0.0396,88,Mature,Urban,Winter,2026-08-14,2026-08-03T15:45:00,v2.0,Demo
AD_0226,Fashion,Desktop,Delhi,Video,1.05,7.3,30,1062,0.0288,5.4,31.5,76.05,2.41,1,0.0244,0.0244,56.0,1062,0.74,0.15,0.0138,other,Desktop,2.51,31.5,76.05,Night,3,20.0,2026-08-15,2026-08-15,0.49,0.5858,31.5,1,0.0317,0.514,0.0138,21,Growing,Rural,Fall,2026-08-15,2026-08-03T15:45:00,v2.0,Demo
AD_0227,Gaming,All-Devices,Karnataka,Video,0.44,10.5,16,833,0.0199,7.9,7.04,35.49,5.04,1,0.0275,0.0275,43.0,833,0.75,0.2,0.0547,facebook,All-Devices,5.33,7.04,35.49,Afternoon,6,19.7,2026-08-16,2026-08-16,1.08,0.8016,7.04,0,0.142,0.475,0.0547,33,Growing,Semi-Urban,Summer,2026-08-16,2026-08-03T15:45:00,v2.0,Demo
AD_0228,Food,All-Devices,Karnataka,Text,1.32,0.0,7,509,0.0152,0.0,9.24,0.0,0.0,0,0.0296,0.0296,40.0,509,0.0,0.06,0.059,instagram,All-Devices,0.0,9.24,0.0,Afternoon,6,17.9,2026-08-17,2026-08-17,0.06,-1.0,0.0,0,0.0,0.076,0.059,7,Mature,Semi-Urban,Spring,2026-08-17,2026-08-03T15:45:00,v2.0,Demo
AD_0229,Fashion,Mobile,Karnataka,Image,0.69,0.0,24,787,0.0312,0.0,16.56,0.0,0.0,0,0.0181,0.0181,41.0,787,0.0,0.08,0.0252,facebook,Mobile,0.0,16.56,0.0,Evening,3,7.3,2026-08-18,2026-08-18,0.23,-1.0,0.0,0,0.0,0.156,0.0252,65,Declining,Urban,Fall,2026-08-18,2026-08-03T15:45:00,v2.0,Demo
AD_0230,Travel,Tablet,Tamil Nadu,Text,0.54,0.0,11,558,0.0213,0.0,5.94,0.0,0.0,0,0.0247,0.0247,59.0,558,0.0,0.11,0.0784,other,Tablet,0.0,5.94,0.0,Morning,1,11.6,2026-08-19,2026-08-19,0.2,-1.0,0.0,0,0.0,0.106,0.0784,105,Growing,Semi-Urban,Summer,2026-08-19,2026-08-03T15:45:00,v2.0,Demo
AD_0231,Food,Mobile,Tamil Nadu,Image,0.36,0.0,14,530,0.0278,0.0,5.04,42.16,8.37,1,0.0208,0.0208,50.0,530,0.0,0.1,0.0986,facebook,Mobile,8.22,5.04,42.16,Afternoon,6,15.8,2026-08-20,2026-08-20,0.39,0.8805,5.04,1,0.1984,0.139,0.0986,3,Declining,Semi-Urban,Summer,2026-08-20,2026-08-03T15:45:00,v2.0,Demo
AD_0232,Health,Mobile,Delhi,Image,0.51,0.0,4,163,0.0276,0.0,2.04,43.66,21.4,1,0.0285,0.0285,22.0,163,0.0,0.05,0.0951,instagram,Mobile,20.25,2.04,43.66,Afternoon,7,10.9,2026-08-21,2026-08-21,0.27,0.9533,2.04,1,0.4902,0.138,0.0951,108,Mature,Semi-Urban,Fall,2026-08-21,2026-08-03T15:45:00,v2.0,Demo
AD_0233,Health,Tablet,Karnataka,Image,0.18,0.0,4,798,0.0055,0.0,0.72,110.06,152.86,1,0.0254,0.0254,51.0,798,0.0,0.06,0.0277,facebook,Tablet,141.74,0.72,110.06,Night,2,19.7,2026-08-22,2026-08-22,0.15,0.9935,0.72,0,1.3889,0.027,0.0277,51,New,Semi-Urban,Fall,2026-08-22,2026-08-03T15:45:00,v2.0,Demo
AD_0234,Electronics,Tablet,Karnataka,Video,0.94,41.5,3,410,0.0088,15.8,2.82,0.0,0.0,0,0.0234,0.0234,25.0,410,0.38,0.15,0.0888,instagram,Tablet,0.0,2.82,0.0,Night,4,15.9,2026-08-23,2026-08-23,0.25,-1.0,0.0,0,0.0,0.234,0.0888,79,Growing,Rural,Winter,2026-08-23,2026-08-03T15:45:00,v2.0,Demo
AD_0235,Travel,Tablet,Uttar Pradesh,Carousel,1.29,0.0,9,390,0.0248,0.0,11.61,0.0,0.0,0,0.0137,0.0137,37.0,390,0.0,0.18,0.0734,instagram,Tablet,0.0,11.61,0.0,Afternoon,5,8.0,2026-08-24,2026-08-24,0.1,-1.0,0.0,0,0.0,0.124,0.0734,95,Declining,Rural,Winter,2026-08-24,2026-08-03T15:45:00,v2.0,Demo
AD_0236,Gaming,All-Devices,Tamil Nadu,Text,0.89,0.0,8,819,0.0098,0.0,7.12,0.0,0.0,0,0.0051,0.0051,27.0,819,0.0,0.13,0.0508,facebook,All-Devices,0.0,7.12,0.0,Morning,1,19.7,2026-08-25,2026-08-25,0.06,-1.0,0.0,0,0.0,0.049,0.0508,54,Mature,Semi-Urban,Winter,2026-08-25,2026-08-03T15:45:00,v2.0,Demo
AD_0237,Food,Desktop,Karnataka,Carousel,0.45,0.0,10,810,0.0127,0.0,4.5,30.12,6.69,1,0.0111,0.0111,47.0,810,0.0,0.13,0.0587,facebook,Desktop,6.03,4.5,30.12,Afternoon,6,20.4,2026-08-26,2026-08-26,0.14,0.8506,4.5,0,0.2222,0.064,0.0587,80,Mature,Semi-Urban,Spring,2026-08-26,2026-08-03T15:45:00,v2.0,Demo
AD_0238,Fashion,All-Devices,Delhi,Text,0.2,0.0,34,1018,0.0334,0.0,6.8,0.0,0.0,0,0.0091,0.0091,55.0,1018,0.0,0.09,0.0865,google,All-Devices,0.0,6.8,0.0,Afternoon,4,8.1,2026-08-27,2026-08-27,0.84,-1.0,0.0,0,0.0,0.167,0.0865,74,Growing,Semi-Urban,Fall,2026-08-27,2026-08-03T15:45:00,v2.0,Demo
AD_0239,Travel,Desktop,Delhi,Image,0.44,0.0,10,498,0.0218,0.0,4.4,0.0,0.0,0,0.0207,0.0207,30.0,498,0.0,0.17,0.0532,other,Desktop,0.0,4.4,0.0,Evening,5,14.5,2026-08-28,2026-08-28,0.25,-1.0,0.0,0,0.0,0.109,0.0532,118,New,Rural,Summer,2026-08-28,2026-08-03T15:45:00,v2.0,Demo
AD_0240,Travel,All-Devices,Karnataka,Video,0.71,37.2,24,884,0.0275,17.9,17.04,0.0,0.0,0,0.0264,0.0264,21.0,884,0.48,0.16,0.0436,instagram,All-Devices,0.0,17.04,0.0,Morning,3,11.2,2026-08-29,2026-08-29,0.53,-1.0,0.0,0,0.0,0.378,0.0436,93,Growing,Rural,Fall,2026-08-29,2026-08-03T15:45:00,v2.0,Demo
AD_0241,Health,Desktop,Tamil Nadu,Carousel,1.18,0.0,27,1253,0.0217,0.0,31.86,0.0,0.0,0,0.0125,0.0125,31.0,1253,0.0,0.14,0.0544,google,Desktop,0.0,31.86,0.0,Evening,3,12.5,2026-08-30,2026-08-30,0.09,-1.0,0.0,0,0.0,0.108,0.0544,59,Declining,Urban,Summer,2026-08-30,2026-08-03T15:45:00,v2.0,Demo
AD_0242,Electronics,All-Devices,Delhi,Video,0.4,20.4,31,1480,0.0216,13.9,12.4,114.88,9.26,1,0.0379,0.0379,46.0,1480,0.68,0.08,0.0621,facebook,All-Devices,8.97,12.4,114.88,Morning,2,9.5,2026-08-31,2026-08-31,1.12,0.8921,12.4,1,0.0806,0.448,0.0621,6,Mature,Urban,Spring,2026-08-31,2026-08-03T15:45:00,v2.0,Demo
AD_0243,Electronics,Tablet,Uttar Pradesh,Text,1.12,0.0,9,1269,0.0078,0.0,10.08,0.0,0.0,0,0.0052,0.0052,32.0,1269,0.0,0.06,0.027,other,Tablet,0.0,10.08,0.0,Morning,5,15.1,2026-09-01,2026-09-01,0.03,-1.0,0.0,0,0.0,0.039,0.027,29,New,Semi-Urban,Fall,2026-09-01,2026-08-03T15:45:00,v2.0,Demo
AD_0244,Food,Mobile,Delhi,Video,1.32,40.5,5,360,0.0153,30.0,6.6,89.5,13.56,1,0.032,0.032,30.0,360,0.74,0.06,0.0911,google,Mobile,12.23,6.6,89.5,Morning,3,20.4,2026-09-02,2026-09-02,0.34,0.9263,6.6,0,0.1515,0.446,0.0911,17,Declining,Semi-Urban,Summer,2026-09-02,2026-08-03T15:45:00,v2.0,Demo
AD_0245,Health,All-Devices,Maharashtra,Video,0.76,11.1,4,311,0.0135,2.6,3.04,0.0,0.0,0,0.0269,0.0269,26.0,311,0.23,0.14,0.0707,instagram,All-Devices,0.0,3.04,0.0,Evening,3,14.0,2026-09-03,2026-09-03,0.24,-1.0,0.0,0,0.0,0.182,0.0707,117,Growing,Rural,Summer,2026-09-03,2026-08-03T15:45:00,v2.0,Demo
AD_0246,Travel,Desktop,Maharashtra,Carousel,1.26,0.0,24,1492,0.0167,0.0,30.24,52.6,1.74,1,0.0181,0.0181,39.0,1492,0.0,0.17,0.067,google,Desktop,1.58,30.24,52.6,Evening,7,8.2,2026-09-04,2026-09-04,0.07,0.4251,30.24,0,0.0331,0.083,0.067,60,Mature,Semi-Urban,Winter,2026-09-04,2026-08-03T15:45:00,v2.0,Demo
AD_0247,Gaming,Tablet,Tamil Nadu,Image,0.9,0.0,13,455,0.029,0.0,11.7,0.0,0.0,0,0.0068,0.0068,30.0,455,0.0,0.18,0.019,instagram,Tablet,0.0,11.7,0.0,Evening,6,15.7,2026-09-05,2026-09-05,0.16,-1.0,0.0,0,0.0,0.145,0.019,22,Growing,Semi-Urban,Spring,2026-09-05,2026-08-03T15:45:00,v2.0,Demo
AD_0248,Health,All-Devices,Karnataka,Video,1.01,7.2,3,192,0.0162,3.0,3.03,0.0,0.0,0,0.027,0.027,49.0,192,0.41,0.12,0.0644,facebook,All-Devices,0.0,3.03,0.0,Night,2,11.8,2026-09-06,2026-09-06,0.28,-1.0,0.0,0,0.0,0.286,0.0644,24,New,Rural,Fall,2026-09-06,2026-08-03T15:45:00,v2.0,Demo
AD_0249,Food,All-Devices,Tamil Nadu,Image,0.86,0.0,7,391,0.0186,0.0,6.02,0.0,0.0,0,0.0185,0.0185,21.0,391,0.0,0.17,0.0209,other,All-Devices,0.0,6.02,0.0,Evening,4,19.0,2026-09-07,2026-09-07,0.11,-1.0,0.0,0,0.0,0.093,0.0209,81,New,Rural,Winter,2026-09-07,2026-08-03T15:45:00,v2.0,Demo
AD_0250,Food,Tablet,Tamil Nadu,Text,0.78,0.0,23,1389,0.0169,0.0,17.94,0.0,0.0,0,0.0378,0.0378,46.0,1389,0.0,0.19,0.0171,other,Tablet,0.0,17.94,0.0,Night,3,13.1,2026-09-08,2026-09-08,0.11,-1.0,0.0,0,0.0,0.084,0.0171,85,New,Rural,Spring,2026-09-08,2026-08-03T15:45:00,v2.0,Demo
AD_0251,Health,All-Devices,Tamil Nadu,Video,0.47,22.1,9,1174,0.0078,15.5,4.23,0.0,0.0,0,0.024,0.024,28.0,1174,0.7,0.09,0.0575,other,All-Devices,0.0,4.23,0.0,Night,7,9.7,2026-09-09,2026-09-09,0.83,-1.0,0.0,0,0.0,0.389,0.0575,51,New,Rural,Winter,2026-09-09,2026-08-03T15:45:00,v2.0,Demo
AD_0252,Food,Mobile,Tamil Nadu,Carousel,0.56,0.0,5,293,0.0182,0.0,2.8,0.0,0.0,0,0.0379,0.0379,39.0,293,0.0,0.11,0.0463,facebook,Mobile,0.0,2.8,0.0,Night,1,9.7,2026-09-10,2026-09-10,0.16,-1.0,0.0,0,0.0,0.091,0.0463,50,New,Urban,Fall,2026-09-10,2026-08-03T15:45:00,v2.0,Demo
AD_0253,Health,All-Devices,Uttar Pradesh,Text,0.54,0.0,5,539,0.0109,0.0,2.7,0.0,0.0,0,0.0127,0.0127,30.0,539,0.0,0.19,0.063,instagram,All-Devices,0.0,2.7,0.0,Afternoon,1,17.8,2026-09-11,2026-09-11,0.1,-1.0,0.0,0,0.0,0.054,0.063,11,Growing,Rural,Summer,2026-09-11,2026-08-03T15:45:00,v2.0,Demo
AD_0254,Fashion,Mobile,Uttar Pradesh,Text,0.91,0.0,1,61,0.0106,0.0,0.91,0.0,0.0,0,0.0304,0.0304,48.0,61,0.0,0.1,0.018,facebook,Mobile,0.0,0.91,0.0,Afternoon,4,10.7,2026-09-12,2026-09-12,0.06,-1.0,0.0,0,0.0,0.053,0.018,56,New,Rural,Fall,2026-09-12,2026-08-03T15:45:00,v2.0,Demo
AD_0255,Health,Mobile,Delhi,Carousel,0.31,0.0,10,1312,0.0078,0.0,3.1,0.0,0.0,0,0.0266,0.0266,58.0,1312,0.0,0.19,0.0488,other,Mobile,0.0,3.1,0.0,Afternoon,5,17.7,2026-09-13,2026-09-13,0.13,-1.0,0.0,0,0.0,0.039,0.0488,71,New,Semi-Urban,Spring,2026-09-13,2026-08-03T15:45:00,v2.0,Demo
AD_0256,Health,Tablet,Maharashtra,Video,1.39,13.3,9,610,0.0157,7.0,12.51,0.0,0.0,0,0.0309,0.0309,57.0,610,0.53,0.2,0.0257,facebook,Tablet,0.0,12.51,0.0,Night,2,9.9,2026-09-14,2026-09-14,0.25,-1.0,0.0,0,0.0,0.344,0.0257,42,Mature,Semi-Urban,Fall,2026-09-14,2026-08-03T15:45:00,v2.0,Demo
AD_0257,Food,All-Devices,Tamil Nadu,Video,1.12,17.5,2,91,0.0277,14.2,2.24,0.0,0.0,0,0.0125,0.0125,43.0,91,0.81,0.15,0.0988,facebook,All-Devices,0.0,2.24,0.0,Night,7,11.5,2026-09-15,2026-09-15,0.49,-1.0,0.0,0,0.0,0.544,0.0988,39,New,Semi-Urban,Spring,2026-09-15,2026-08-03T15:45:00,v2.0,Demo
AD_0258,Food,Tablet,Delhi,Text,0.69,0.0,9,727,0.0133,0.0,6.21,0.0,0.0,0,0.0283,0.0283,37.0,727,0.0,0.17,0.0605,facebook,Tablet,0.0,6.21,0.0,Morning,6,13.5,2026-09-16,2026-09-16,0.1,-1.0,0.0,0,0.0,0.066,0.0605,69,Mature,Urban,Winter,2026-09-16,2026-08-03T15:45:00,v2.0,Demo
AD_0259,Electronics,All-Devices,Maharashtra,Video,0.36,20.9,9,643,0.0144,4.6,3.24,0.0,0.0,0,0.0224,0.0224,52.0,643,0.22,0.16,0.0719,instagram,All-Devices,0.0,3.24,0.0,Night,7,20.2,2026-09-17,2026-09-17,0.51,-1.0,0.0,0,0.0,0.182,0.0719,108,Mature,Rural,Spring,2026-09-17,2026-08-03T15:45:00,v2.0,Demo
AD_0260,Electronics,All-Devices,Karnataka,Image,1.34,0.0,29,1231,0.0243,0.0,38.86,0.0,0.0,0,0.031,0.031,47.0,1231,0.0,0.15,0.0393,google,All-Devices,0.0,38.86,0.0,Afternoon,1,20.0,2026-09-18,2026-09-18,0.09,-1.0,0.0,0,0.0,0.122,0.0393,48,Mature,Rural,Summer,2026-09-18,2026-08-03T15:45:00,v2.0,Demo
AD_0261,Fashion,Desktop,Uttar Pradesh,Carousel,1.26,0.0,14,1289,0.0109,0.0,17.64,73.44,4.16,1,0.0164,0.0164,26.0,1289,0.0,0.1,0.0185,google,Desktop,3.92,17.64,73.44,Night,1,9.9,2026-09-19,2026-09-19,0.04,0.7598,17.64,0,0.0567,0.054,0.0185,57,Growing,Urban,Summer,2026-09-19,2026-08-03T15:45:00,v2.0,Demo
AD_0262,Electronics,All-Devices,Maharashtra,Image,1.12,0.0,5,183,0.0319,0.0,5.6,99.97,17.85,1,0.0362,0.0362,52.0,183,0.0,0.06,0.0978,facebook,All-Devices,17.47,5.6,99.97,Night,4,12.0,2026-09-20,2026-09-20,0.14,0.944,5.6,1,0.1786,0.159,0.0978,21,Growing,Rural,Summer,2026-09-20,2026-08-03T15:45:00,v2.0,Demo
AD_0263,Health,Tablet,Karnataka,Video,0.52,37.5,23,1140,0.0206,14.6,11.96,0.0,0.0,0,0.008,0.008,36.0,1140,0.39,0.1,0.0358,google,Tablet,0.0,11.96,0.0,Morning,5,9.1,2026-09-21,2026-09-21,0.57,-1.0,0.0,0,0.0,0.298,0.0358,82,Declining,Semi-Urban,Winter,2026-09-21,2026-08-03T15:45:00,v2.0,Demo
AD_0264,Food,Mobile,Maharashtra,Text,0.69,0.0,19,1080,0.0184,0.0,13.11,95.18,7.26,1,0.0333,0.0333,26.0,1080,0.0,0.15,0.0481,google,Mobile,7.12,13.11,95.18,Night,5,14.1,2026-09-22,2026-09-22,0.13,0.8623,13.11,0,0.0763,0.092,0.0481,99,Declining,Urban,Spring,2026-09-22,2026-08-03T15:45:00,v2.0,Demo
AD_0265,Electronics,All-Devices,Uttar Pradesh,Carousel,0.29,0.0,21,997,0.0217,0.0,6.09,0.0,0.0,0,0.0351,0.0351,30.0,997,0.0,0.07,0.0685,facebook,All-Devices,0.0,6.09,0.0,Evening,4,13.4,2026-09-23,2026-09-23,0.37,-1.0,0.0,0,0.0,0.108,0.0685,20,Mature,Rural,Winter,2026-09-23,2026-08-03T15:45:00,v2.0,Demo
AD_0266,Electronics,Desktop,Uttar Pradesh,Video,0.41,17.9,1,122,0.01,10.4,0.41,0.0,0.0,0,0.0336,0.0336,29.0,122,0.58,0.05,0.0122,facebook,Desktop,0.0,0.41,0.0,Morning,7,19.6,2026-09-24,2026-09-24,0.83,-1.0,0.0,0,0.0,0.34,0.0122,15,Growing,Urban,Fall,2026-09-24,2026-08-03T15:45:00,v2.0,Demo
AD_0267,Fashion,Tablet,Delhi,Video,1.21,35.6,10,448,0.0234,27.4,12.1,0.0,0.0,0,0.0229,0.0229,40.0,448,0.77,0.07,0.0829,other,Tablet,0.0,12.1,0.0,Night,1,20.0,2026-09-25,2026-09-25,0.41,-1.0,0.0,0,0.0,0.502,0.0829,69,New,Urban,Fall,2026-09-25,2026-08-03T15:45:00,v2.0,Demo
AD_0268,Travel,All-Devices,Tamil Nadu,Text,1.12,0.0,23,1478,0.0159,0.0,25.76,0.0,0.0,0,0.0203,0.0203,28.0,1478,0.0,0.16,0.0583,google,All-Devices,0.0,25.76,0.0,Night,7,12.4,2026-09-26,2026-09-26,0.07,-1.0,0.0,0,0.0,0.08,0.0583,77,Declining,Rural,Fall,2026-09-26,2026-08-03T15:45:00,v2.0,Demo
AD_0269,Fashion,Tablet,Maharashtra,Text,0.95,0.0,20,627,0.0319,0.0,19.0,0.0,0.0,0,0.0399,0.0399,23.0,627,0.0,0.2,0.035,instagram,Tablet,0.0,19.0,0.0,Morning,7,13.9,2026-09-27,2026-09-27,0.17,-1.0,0.0,0,0.0,0.159,0.035,51,Growing,Semi-Urban,Fall,2026-09-27,2026-08-03T15:45:00,v2.0,Demo
AD_0270,Health,Desktop,Maharashtra,Image,1.36,0.0,9,908,0.0101,0.0,12.24,0.0,0.0,0,0.013,0.013,23.0,908,0.0,0.2,0.0155,facebook,Desktop,0.0,12.24,0.0,Night,2,19.5,2026-09-28,2026-09-28,0.04,-1.0,0.0,0,0.0,0.05,0.0155,76,New,Rural,Summer,2026-09-28,2026-08-03T15:45:00,v2.0,Demo
AD_0271,Food,Desktop,Karnataka,Carousel,0.94,0.0,3,179,0.0202,0.0,2.82,0.0,0.0,0,0.0241,0.0241,42.0,179,0.0,0.12,0.0246,other,Desktop,0.0,2.82,0.0,Afternoon,1,18.3,2026-09-29,2026-09-29,0.11,-1.0,0.0,0,0.0,0.101,0.0246,62,New,Rural,Spring,2026-09-29,2026-08-03T15:45:00,v2.0,Demo
AD_0272,Fashion,Tablet,Uttar Pradesh,Carousel,0.78,0.0,22,980,0.0229,0.0,17.16,32.22,1.88,1,0.0285,0.0285,49.0,980,0.0,0.18,0.0906,instagram,Tablet,1.88,17.16,32.22,Evening,5,7.1,2026-09-30,2026-09-30,0.15,0.4674,17.16,0,0.0583,0.114,0.0906,119,Growing,Semi-Urban,Summer,2026-09-30,2026-08-03T15:45:00,v2.0,Demo
AD_0273,Electronics,All-Devices,Maharashtra,Text,0.61,0.0,7,1279,0.006,0.0,4.27,0.0,0.0,0,0.0295,0.0295,32.0,1279,0.0,0.16,0.0717,google,All-Devices,0.0,4.27,0.0,Evening,6,11.5,2026-10-01,2026-10-01,0.05,-1.0,0.0,0,0.0,0.03,0.0717,85,Declining,Rural,Spring,2026-10-01,2026-08-03T15:45:00,v2.0,Demo
AD_0274,Food,Mobile,Uttar Pradesh,Image,1.42,0.0,5,315,0.0159,0.0,7.1,79.2,11.15,1,0.0121,0.0121,19.0,315,0.0,0.13,0.0325,other,Mobile,12.01,7.1,79.2,Afternoon,7,12.9,2026-10-02,2026-10-02,0.06,0.9104,7.1,0,0.1408,0.08,0.0325,37,Growing,Rural,Spring,2026-10-02,2026-08-03T15:45:00,v2.0,Demo
AD_0275,Food,Desktop,Maharashtra,Carousel,0.26,0.0,22,842,0.027,0.0,5.72,0.0,0.0,0,0.0279,0.0279,23.0,842,0.0,0.14,0.0159,facebook,Desktop,0.0,5.72,0.0,Night,1,10.2,2026-10-03,2026-10-03,0.52,-1.0,0.0,0,0.0,0.135,0.0159,6,Declining,Rural,Winter,2026-10-03,2026-08-03T15:45:00,v2.0,Demo
AD_0276,Electronics,All-Devices,Delhi,Text,1.41,0.0,8,302,0.0296,0.0,11.28,0.0,0.0,0,0.0336,0.0336,56.0,302,0.0,0.07,0.0722,instagram,All-Devices,0.0,11.28,0.0,Night,7,9.8,2026-10-04,2026-10-04,0.1,-1.0,0.0,0,0.0,0.148,0.0722,71,Mature,Urban,Fall,2026-10-04,2026-08-03T15:45:00,v2.0,Demo
AD_0277,Fashion,All-Devices,Tamil Nadu,Video,1.27,29.0,12,871,0.0144,18.3,15.24,102.02,6.69,1,0.0068,0.0068,39.0,871,0.63,0.19,0.0615,facebook,All-Devices,6.38,15.24,102.02,Evening,2,7.5,2026-10-05,2026-10-05,0.3,0.8506,15.24,0,0.0656,0.387,0.0615,26,Growing,Urban,Spring,2026-10-05,2026-08-03T15:45:00,v2.0,Demo
AD_0278,Electronics,Mobile,Maharashtra,Carousel,0.33,0.0,39,1362,0.029,0.0,12.87,107.67,8.37,1,0.0369,0.0369,37.0,1362,0.0,0.1,0.0464,google,Mobile,8.88,12.87,107.67,Night,3,16.0,2026-10-06,2026-10-06,0.44,0.8805,12.87,1,0.0777,0.145,0.0464,106,Growing,Urban,Fall,2026-10-06,2026-08-03T15:45:00,v2.0,Demo
AD_0279,Travel,Desktop,Uttar Pradesh,Image,0.91,0.0,7,213,0.034,0.0,6.37,0.0,0.0,0,0.006,0.006,20.0,213,0.0,0.12,0.0427,instagram,Desktop,0.0,6.37,0.0,Evening,1,10.7,2026-10-07,2026-10-07,0.19,-1.0,0.0,0,0.0,0.17,0.0427,112,Declining,Rural,Fall,2026-10-07,2026-08-03T15:45:00,v2.0,Demo
AD_0280,Food,Desktop,Delhi,Image,1.32,0.0,4,144,0.0307,0.0,5.28,106.64,20.2,1,0.0175,0.0175,49.0,144,0.0,0.15,0.0295,google,Desktop,22.19,5.28,106.64,Evening,4,7.7,2026-10-08,2026-10-08,0.12,0.9505,5.28,1,0.1894,0.154,0.0295,8,Declining,Semi-Urban,Fall,2026-10-08,2026-08-03T15:45:00,v2.0,Demo
AD_0281,Gaming,All-Devices,Maharashtra,Image,0.92,0.0,7,882,0.0085,0.0,6.44,0.0,0.0,0,0.0056,0.0056,40.0,882,0.0,0.1,0.0703,google,All-Devices,0.0,6.44,0.0,Afternoon,3,10.2,2026-10-09,2026-10-09,0.05,-1.0,0.0,0,0.0,0.042,0.0703,73,Growing,Urban,Summer,2026-10-09,2026-08-03T15:45:00,v2.0,Demo
AD_0282,Gaming,All-Devices,Karnataka,Video,1.37,36.4,32,1183,0.0272,8.0,43.84,95.42,2.18,1,0.0077,0.0077,26.0,1183,0.22,0.09,0.0974,other,All-Devices,2.31,43.84,95.42,Evening,7,18.2,2026-10-10,2026-10-10,0.18,0.5406,43.84,1,0.0228,0.246,0.0974,91,New,Semi-Urban,Fall,2026-10-10,2026-08-03T15:45:00,v2.0,Demo
AD_0283,Health,Mobile,Tamil Nadu,Carousel,1.42,0.0,5,385,0.0146,0.0,7.1,100.63,14.17,1,0.0369,0.0369,23.0,385,0.0,0.14,0.0258,facebook,Mobile,13.87,7.1,100.63,Night,4,18.9,2026-10-11,2026-10-11,0.05,0.9294,7.1,0,0.1408,0.073,0.0258,4,New,Rural,Spring,2026-10-11,2026-08-03T15:45:00,v2.0,Demo
AD_0284,Electronics,Mobile,Maharashtra,Carousel,0.72,0.0,30,871,0.0347,0.0,21.6,0.0,0.0,0,0.0174,0.0174,34.0,871,0.0,0.05,0.0637,instagram,Mobile,0.0,21.6,0.0,Night,4,13.8,2026-10-12,2026-10-12,0.24,-1.0,0.0,0,0.0,0.174,0.0637,21,New,Urban,Summer,2026-10-12,2026-08-03T15:45:00,v2.0,Demo
AD_0285,Electronics,Desktop,Delhi,Video,0.66,8.9,5,287,0.0196,2.4,3.3,0.0,0.0,0,0.0199,0.0199,53.0,287,0.27,0.16,0.0482,google,Desktop,0.0,3.3,0.0,Morning,4,12.8,2026-10-13,2026-10-13,0.35,-1.0,0.0,0,0.0,0.233,0.0482,31,Mature,Rural,Fall,2026-10-13,2026-08-03T15:45:00,v2.0,Demo
AD_0286,Health,Tablet,Karnataka,Carousel,1.41,0.0,3,430,0.0087,0.0,4.23,0.0,0.0,0,0.0125,0.0125,54.0,430,0.0,0.13,0.0502,google,Tablet,0.0,4.23,0.0,Night,1,20.7,2026-10-14,2026-10-14,0.03,-1.0,0.0,0,0.0,0.044,0.0502,21,Mature,Semi-Urban,Winter,2026-10-14,2026-08-03T15:45:00,v2.0,Demo
AD_0287,Health,Desktop,Delhi,Video,1.06,18.1,25,948,0.0268,4.9,26.5,0.0,0.0,0,0.0259,0.0259,43.0,948,0.27,0.14,0.0329,instagram,Desktop,0.0,26.5,0.0,Morning,5,9.8,2026-10-15,2026-10-15,0.25,-1.0,0.0,0,0.0,0.269,0.0329,104,Declining,Urban,Fall,2026-10-15,2026-08-03T15:45:00,v2.0,Demo
AD_0288,Health,All-Devices,Delhi,Video,0.31,7.2,7,532,0.0147,1.4,2.17,0.0,0.0,0,0.0258,0.0258,49.0,532,0.19,0.14,0.0843,google,All-Devices,0.0,2.17,0.0,Evening,7,10.0,2026-10-16,2026-10-16,0.54,-1.0,0.0,0,0.0,0.168,0.0843,25,Mature,Urban,Fall,2026-10-16,2026-08-03T15:45:00,v2.0,Demo
AD_0289,Food,Desktop,Karnataka,Video,0.21,31.8,33,951,0.0349,11.8,6.93,0.0,0.0,0,0.018,0.018,23.0,951,0.37,0.13,0.0537,other,Desktop,0.0,6.93,0.0,Night,3,11.1,2026-10-17,2026-10-17,1.71,-1.0,0.0,0,0.0,0.36,0.0537,103,New,Urban,Summer,2026-10-17,2026-08-03T15:45:00,v2.0,Demo
AD_0290,Travel,Tablet,Delhi,Image,0.91,0.0,37,1098,0.0344,0.0,33.67,52.83,1.57,1,0.0167,0.0167,43.0,1098,0.0,0.14,0.0589,other,Tablet,1.49,33.67,52.83,Afternoon,2,9.4,2026-10-18,2026-10-18,0.19,0.3627,33.67,0,0.0297,0.172,0.0589,15,Growing,Urban,Spring,2026-10-18,2026-08-03T15:45:00,v2.0,Demo
AD_0291,Electronics,Mobile,Karnataka,Carousel,1.41,0.0,29,1190,0.0247,0.0,40.89,98.07,2.4,1,0.036,0.036,46.0,1190,0.0,0.15,0.0374,other,Mobile,2.49,40.89,98.07,Afternoon,5,12.3,2026-10-19,2026-10-19,0.09,0.5831,40.89,1,0.0245,0.124,0.0374,117,Mature,Semi-Urban,Fall,2026-10-19,2026-08-03T15:45:00,v2.0,Demo
AD_0292,Food,Tablet,Maharashtra,Video,1.29,17.2,4,531,0.0089,3.8,5.16,37.35,7.24,1,0.0184,0.0184,26.0,531,0.22,0.16,0.0264,other,Tablet,6.69,5.16,37.35,Afternoon,7,19.8,2026-10-20,2026-10-20,0.12,0.8618,5.16,0,0.1938,0.154,0.0264,35,Mature,Urban,Summer,2026-10-20,2026-08-03T15:45:00,v2.0,Demo
AD_0293,Health,Tablet,Karnataka,Carousel,1.06,0.0,37,1465,0.0256,0.0,39.22,113.19,2.89,1,0.0223,0.0223,55.0,1465,0.0,0.16,0.0177,google,Tablet,2.67,39.22,113.19,Evening,1,15.6,2026-10-21,2026-10-21,0.12,0.6535,39.22,1,0.0255,0.128,0.0177,49,New,Rural,Summer,2026-10-21,2026-08-03T15:45:00,v2.0,Demo
AD_0294,Electronics,Tablet,Karnataka,Image,0.34,0.0,7,966,0.0078,0.0,2.38,0.0,0.0,0,0.0149,0.0149,26.0,966,0.0,0.18,0.0743,instagram,Tablet,0.0,2.38,0.0,Evening,4,12.8,2026-10-22,2026-10-22,0.11,-1.0,0.0,0,0.0,0.039,0.0743,43,Mature,Urban,Spring,2026-10-22,2026-08-03T15:45:00,v2.0,Demo
AD_0295,Food,Mobile,Tamil Nadu,Video,0.49,5.2,6,1043,0.0059,3.5,2.94,41.5,14.12,1,0.0325,0.0325,31.0,1043,0.67,0.08,0.0277,instagram,Mobile,14.54,2.94,41.5,Morning,2,20.1,2026-10-23,2026-10-23,0.74,0.9292,2.94,0,0.3401,0.365,0.0277,41,Declining,Semi-Urban,Summer,2026-10-23,2026-08-03T15:45:00,v2.0,Demo
AD_0296,Travel,Tablet,Karnataka,Text,1.33,0.0,30,1013,0.0297,0.0,39.9,69.81,1.75,1,0.0189,0.0189,44.0,1013,0.0,0.11,0.0721,instagram,Tablet,1.82,39.9,69.81,Afternoon,7,7.7,2026-10-24,2026-10-24,0.11,0.4284,39.9,0,0.0251,0.148,0.0721,37,Growing,Urban,Spring,2026-10-24,2026-08-03T15:45:00,v2.0,Demo
AD_0297,Food,Tablet,Karnataka,Image,0.4,0.0,6,586,0.0113,0.0,2.4,33.82,14.09,1,0.023,0.023,45.0,586,0.0,0.19,0.0451,instagram,Tablet,13.18,2.4,33.82,Morning,3,9.9,2026-10-25,2026-10-25,0.14,0.929,2.4,0,0.4167,0.056,0.0451,57,New,Semi-Urban,Winter,2026-10-25,2026-08-03T15:45:00,v2.0,Demo
AD_0298,Travel,Tablet,Maharashtra,Text,0.53,0.0,18,1152,0.0164,0.0,9.54,0.0,0.0,0,0.0139,0.0139,47.0,1152,0.0,0.11,0.0474,facebook,Tablet,0.0,9.54,0.0,Morning,7,14.9,2026-10-26,2026-10-26,0.15,-1.0,0.0,0,0.0,0.082,0.0474,42,Declining,Semi-Urban,Fall,2026-10-26,2026-08-03T15:45:00,v2.0,Demo
AD_0299,Health,All-Devices,Tamil Nadu,Carousel,0.32,0.0,42,1246,0.0342,0.0,13.44,111.24,8.28,1,0.0396,0.0396,23.0,1246,0.0,0.07,0.0522,instagram,All-Devices,9.01,13.44,111.24,Night,5,15.6,2026-10-27,2026-10-27,0.53,0.8792,13.44,1,0.0744,0.171,0.0522,47,New,Rural,Summer,2026-10-27,2026-08-03T15:45:00,v2.0,Demo
AD_0300,Travel,Tablet,Uttar Pradesh,Carousel,1.06,0.0,16,1085,0.0151,0.0,16.96,0.0,0.0,0,0.0152,0.0152,54.0,1085,0.0,0.13,0.0431,facebook,Tablet,0.0,16.96,0.0,Night,6,7.6,2026-10-28,2026-10-28,0.07,-1.0,0.0,0,0.0,0.076,0.0431,92,Declining,Urban,Winter,2026-10-28,2026-08-03T15:45:00,v2.0,Demo
AD_0301,Electronics,Mobile,Maharashtra,Image,1.42,0.0,2,177,0.0139,0.0,2.84,0.0,0.0,0,0.032,0.032,40.0,177,0.0,0.07,0.0191,facebook,Mobile,0.0,2.84,0.0,Afternoon,5,12.6,2026-10-29,2026-10-29,0.05,-1.0,0.0,0,0.0,0.069,0.0191,61,Growing,Urban,Summer,2026-10-29,2026-08-03T15:45:00,v2.0,Demo
AD_0302,Health,Tablet,Maharashtra,Carousel,0.51,0.0,4,141,0.0325,0.0,2.04,0.0,0.0,0,0.02,0.02,38.0,141,0.0,0.08,0.0379,other,Tablet,0.0,2.04,0.0,Evening,7,16.1,2026-10-30,2026-10-30,0.32,-1.0,0.0,0,0.0,0.162,0.0379,14,Growing,Urban,Summer,2026-10-30,2026-08-03T15:45:00,v2.0,Demo
AD_0303,Electronics,Tablet,Uttar Pradesh,Text,0.79,0.0,4,592,0.0083,0.0,3.16,0.0,0.0,0,0.0122,0.0122,59.0,592,0.0,0.2,0.0697,facebook,Tablet,0.0,3.16,0.0,Night,2,16.8,2026-10-31,2026-10-31,0.05,-1.0,0.0,0,0.0,0.042,0.0697,68,Declining,Rural,Winter,2026-10-31,2026-08-03T15:45:00,v2.0,Demo
AD_0304,Gaming,Mobile,Karnataka,Video,1.01,37.1,24,895,0.0278,24.9,24.24,113.18,4.67,1,0.033,0.033,49.0,895,0.67,0.13,0.0699,google,Mobile,4.36,24.24,113.18,Evening,7,15.9,2026-11-01,2026-11-01,0.47,0.7858,24.24,1,0.0413,0.474,0.0699,53,Declining,Rural,Summer,2026-11-01,2026-08-03T15:45:00,v2.0,Demo
AD_0305,Fashion,Tablet,Delhi,Video,1.5,44.5,35,1038,0.0346,31.6,52.5,0.0,0.0,0,0.0167,0.0167,23.0,1038,0.71,0.09,0.0358,facebook,Tablet,0.0,52.5,0.0,Morning,7,11.5,2026-11-02,2026-11-02,0.35,-1.0,0.0,0,0.0,0.528,0.0358,84,Declining,Semi-Urban,Summer,2026-11-02,2026-08-03T15:45:00,v2.0,Demo
AD_0306,Travel,Mobile,Tamil Nadu,Video,0.29,28.9,15,496,0.032,7.5,4.35,0.0,0.0,0,0.0353,0.0353,50.0,496,0.26,0.2,0.0514,other,Mobile,0.0,4.35,0.0,Morning,1,8.3,2026-11-03,2026-11-03,1.0,-1.0,0.0,0,0.0,0.29,0.0514,34,Declining,Semi-Urban,Winter,2026-11-03,2026-08-03T15:45:00,v2.0,Demo
AD_0307,Fashion,Tablet,Delhi,Image,0.82,0.0,10,439,0.0246,0.0,8.2,0.0,0.0,0,0.037,0.037,22.0,439,0.0,0.19,0.0274,facebook,Tablet,0.0,8.2,0.0,Morning,3,13.0,2026-11-04,2026-11-04,0.15,-1.0,0.0,0,0.0,0.123,0.0274,76,Declining,Semi-Urban,Summer,2026-11-04,2026-08-03T15:45:00,v2.0,Demo
AD_0308,Fashion,Mobile,Uttar Pradesh,Carousel,0.67,0.0,10,721,0.0144,0.0,6.7,0.0,0.0,0,0.0351,0.0351,19.0,721,0.0,0.12,0.0289,google,Mobile,0.0,6.7,0.0,Morning,2,8.8,2026-11-05,2026-11-05,0.11,-1.0,0.0,0,0.0,0.072,0.0289,97,Declining,Rural,Spring,2026-11-05,2026-08-03T15:45:00,v2.0,Demo
AD_0309,Travel,Tablet,Maharashtra,Text,1.32,0.0,1,92,0.0126,0.0,1.32,0.0,0.0,0,0.0062,0.0062,35.0,92,0.0,0.09,0.0121,google,Tablet,0.0,1.32,0.0,Afternoon,7,20.3,2026-11-06,2026-11-06,0.05,-1.0,0.0,0,0.0,0.063,0.0121,24,Growing,Rural,Summer,2026-11-06,2026-08-03T15:45:00,v2.0,Demo
AD_0310,Health,Tablet,Maharashtra,Carousel,0.79,0.0,8,303,0.0296,0.0,6.32,0.0,0.0,0,0.0326,0.0326,60.0,303,0.0,0.18,0.0907,google,Tablet,0.0,6.32,0.0,Morning,4,13.7,2026-11-07,2026-11-07,0.19,-1.0,0.0,0,0.0,0.148,0.0907,20,Declining,Rural,Fall,2026-11-07,2026-08-03T15:45:00,v2.0,Demo
AD_0311,Gaming,All-Devices,Tamil Nadu,Carousel,0.3,0.0,37,1203,0.0314,0.0,11.1,0.0,0.0,0,0.0194,0.0194,25.0,1203,0.0,0.16,0.029,other,All-Devices,0.0,11.1,0.0,Night,3,11.4,2026-11-08,2026-11-08,0.52,-1.0,0.0,0,0.0,0.157,0.029,69,Mature,Semi-Urban,Summer,2026-11-08,2026-08-03T15:45:00,v2.0,Demo
AD_0312,Electronics,All-Devices,Maharashtra,Carousel,1.01,0.0,23,1133,0.0208,0.0,23.23,110.21,4.74,1,0.0356,0.0356,46.0,1133,0.0,0.15,0.0305,other,All-Devices,4.82,23.23,110.21,Morning,5,17.7,2026-11-09,2026-11-09,0.1,0.7892,23.23,1,0.043,0.104,0.0305,102,Growing,Rural,Fall,2026-11-09,2026-08-03T15:45:00,v2.0,Demo
AD_0313,Food,Tablet,Maharashtra,Video,1.19,43.4,8,712,0.0123,20.8,9.52,0.0,0.0,0,0.0273,0.0273,25.0,712,0.48,0.18,0.0352,instagram,Tablet,0.0,9.52,0.0,Evening,2,14.0,2026-11-10,2026-11-10,0.25,-1.0,0.0,0,0.0,0.302,0.0352,30,New,Semi-Urban,Fall,2026-11-10,2026-08-03T15:45:00,v2.0,Demo
AD_0314,Electronics,Tablet,Tamil Nadu,Text,0.15,0.0,4,516,0.0084,0.0,0.6,0.0,0.0,0,0.0342,0.0342,48.0,516,0.0,0.15,0.0215,other,Tablet,0.0,0.6,0.0,Night,5,11.3,2026-11-11,2026-11-11,0.28,-1.0,0.0,0,0.0,0.042,0.0215,88,Growing,Semi-Urban,Summer,2026-11-11,2026-08-03T15:45:00,v2.0,Demo
AD_0315,Food,Desktop,Tamil Nadu,Text,1.31,0.0,2,336,0.0076,0.0,2.62,0.0,0.0,0,0.0225,0.0225,39.0,336,0.0,0.09,0.0675,google,Desktop,0.0,2.62,0.0,Evening,7,18.4,2026-11-12,2026-11-12,0.03,-1.0,0.0,0,0.0,0.038,0.0675,107,New,Urban,Winter,2026-11-12,2026-08-03T15:45:00,v2.0,Demo
AD_0316,Electronics,Mobile,Uttar Pradesh,Carousel,0.4,0.0,28,1060,0.0266,0.0,11.2,0.0,0.0,0,0.0237,0.0237,47.0,1060,0.0,0.15,0.0168,google,Mobile,0.0,11.2,0.0,Evening,5,19.1,2026-11-13,2026-11-13,0.33,-1.0,0.0,0,0.0,0.133,0.0168,104,New,Urban,Spring,2026-11-13,2026-08-03T15:45:00,v2.0,Demo
AD_0317,Travel,Desktop,Maharashtra,Video,0.9,37.8,14,827,0.0176,22.3,12.6,38.29,3.04,1,0.0101,0.0101,27.0,827,0.59,0.1,0.0221,other,Desktop,3.28,12.6,38.29,Afternoon,5,16.4,2026-11-14,2026-11-14,0.43,0.6709,12.6,0,0.0794,0.383,0.0221,7,Mature,Urban,Spring,2026-11-14,2026-08-03T15:45:00,v2.0,Demo
AD_0318,Gaming,All-Devices,Maharashtra,Video,0.71,32.1,12,394,0.0322,8.3,8.52,0.0,0.0,0,0.0324,0.0324,49.0,394,0.26,0.16,0.068,facebook,All-Devices,0.0,8.52,0.0,Afternoon,1,7.7,2026-11-15,2026-11-15,0.41,-1.0,0.0,0,0.0,0.291,0.068,36,Declining,Semi-Urban,Summer,2026-11-15,2026-08-03T15:45:00,v2.0,Demo
AD_0319,Food,All-Devices,Uttar Pradesh,Text,1.12,0.0,18,691,0.0272,0.0,20.16,110.5,5.48,1,0.0197,0.0197,60.0,691,0.0,0.14,0.0406,other,All-Devices,5.35,20.16,110.5,Evening,5,14.9,2026-11-16,2026-11-16,0.12,0.8176,20.16,1,0.0496,0.136,0.0406,38,Declining,Urban,Winter,2026-11-16,2026-08-03T15:45:00,v2.0,Demo
AD_0320,Health,All-Devices,Karnataka,Video,0.65,21.1,4,431,0.0107,6.3,2.6,0.0,0.0,0,0.0225,0.0225,46.0,431,0.3,0.06,0.0737,other,All-Devices,0.0,2.6,0.0,Evening,4,17.7,2026-11-17,2026-11-17,0.31,-1.0,0.0,0,0.0,0.204,0.0737,80,Growing,Urban,Winter,2026-11-17,2026-08-03T15:45:00,v2.0,Demo
AD_0321,Electronics,All-Devices,Karnataka,Video,1.32,28.1,17,739,0.0234,18.0,22.44,0.0,0.0,0,0.0325,0.0325,39.0,739,0.64,0.13,0.0602,google,All-Devices,0.0,22.44,0.0,Morning,4,8.9,2026-11-18,2026-11-18,0.33,-1.0,0.0,0,0.0,0.437,0.0602,52,Declining,Urban,Spring,2026-11-18,2026-08-03T15:45:00,v2.0,Demo
AD_0322,Electronics,Tablet,Karnataka,Video,1.14,17.3,24,1326,0.0181,14.0,27.36,0.0,0.0,0,0.026,0.026,57.0,1326,0.81,0.1,0.033,instagram,Tablet,0.0,27.36,0.0,Night,3,10.2,2026-11-19,2026-11-19,0.44,-1.0,0.0,0,0.0,0.496,0.033,15,Mature,Rural,Winter,2026-11-19,2026-08-03T15:45:00,v2.0,Demo
AD_0323,Food,All-Devices,Uttar Pradesh,Image,1.02,0.0,25,1129,0.0223,0.0,25.5,103.1,4.04,1,0.012,0.012,19.0,1129,0.0,0.1,0.0686,google,All-Devices,4.39,25.5,103.1,Morning,7,19.4,2026-11-20,2026-11-20,0.11,0.7527,25.5,1,0.0392,0.112,0.0686,46,Growing,Semi-Urban,Summer,2026-11-20,2026-08-03T15:45:00,v2.0,Demo
AD_0324,Health,Tablet,Maharashtra,Carousel,1.22,0.0,13,506,0.0271,0.0,15.86,0.0,0.0,0,0.0257,0.0257,49.0,506,0.0,0.14,0.0205,instagram,Tablet,0.0,15.86,0.0,Afternoon,6,7.3,2026-11-21,2026-11-21,0.11,-1.0,0.0,0,0.0,0.136,0.0205,23,Growing,Urban,Summer,2026-11-21,2026-08-03T15:45:00,v2.0,Demo
AD_0325,Health,Tablet,Uttar Pradesh,Text,1.17,0.0,30,1032,0.0292,0.0,35.1,89.96,2.56,1,0.0193,0.0193,55.0,1032,0.0,0.1,0.0583,google,Tablet,2.79,35.1,89.96,Afternoon,5,17.5,2026-11-22,2026-11-22,0.12,0.6098,35.1,1,0.0285,0.146,0.0583,12,Growing,Rural,Winter,2026-11-22,2026-08-03T15:45:00,v2.0,Demo
AD_0326,Travel,All-Devices,Uttar Pradesh,Text,0.2,0.0,3,132,0.0303,0.0,0.6,0.0,0.0,0,0.0214,0.0214,21.0,132,0.0,0.17,0.0493,other,All-Devices,0.0,0.6,0.0,Morning,5,13.6,2026-11-23,2026-11-23,0.76,-1.0,0.0,0,0.0,0.152,0.0493,93,Declining,Rural,Summer,2026-11-23,2026-08-03T15:45:00,v2.0,Demo
AD_0327,Travel,All-Devices,Karnataka,Image,0.68,0.0,14,1172,0.0126,0.0,9.52,0.0,0.0,0,0.006,0.006,37.0,1172,0.0,0.06,0.0341,google,All-Devices,0.0,9.52,0.0,Night,2,13.3,2026-11-24,2026-11-24,0.09,-1.0,0.0,0,0.0,0.063,0.0341,44,Declining,Rural,Fall,2026-11-24,2026-08-03T15:45:00,v2.0,Demo
AD_0328,Travel,Mobile,Delhi,Carousel,1.41,0.0,1,198,0.0059,0.0,1.41,0.0,0.0,0,0.0124,0.0124,27.0,198,0.0,0.15,0.0644,google,Mobile,0.0,1.41,0.0,Evening,1,7.1,2026-11-25,2026-11-25,0.02,-1.0,0.0,0,0.0,0.03,0.0644,112,Declining,Urban,Spring,2026-11-25,2026-08-03T15:45:00,v2.0,Demo
AD_0329,Travel,Desktop,Maharashtra,Text,0.32,0.0,38,1402,0.0272,0.0,12.16,0.0,0.0,0,0.0148,0.0148,42.0,1402,0.0,0.17,0.0884,google,Desktop,0.0,12.16,0.0,Morning,6,18.5,2026-11-26,2026-11-26,0.43,-1.0,0.0,0,0.0,0.136,0.0884,15,Growing,Rural,Summer,2026-11-26,2026-08-03T15:45:00,v2.0,Demo
AD_0330,Travel,All-Devices,Karnataka,Video,1.15,33.2,10,1229,0.0082,12.9,11.5,0.0,0.0,0,0.03,0.03,45.0,1229,0.39,0.15,0.0999,other,All-Devices,0.0,11.5,0.0,Afternoon,3,12.0,2026-11-27,2026-11-27,0.21,-1.0,0.0,0,0.0,0.236,0.0999,93,Growing,Semi-Urban,Winter,2026-11-27,2026-08-03T15:45:00,v2.0,Demo
AD_0331,Travel,Mobile,Delhi,Text,1.47,0.0,3,239,0.0144,0.0,4.41,37.29,8.46,1,0.0054,0.0054,31.0,239,0.0,0.12,0.0647,other,Mobile,8.75,4.41,37.29,Night,6,14.6,2026-11-28,2026-11-28,0.05,0.8817,4.41,0,0.2268,0.072,0.0647,109,New,Rural,Spring,2026-11-28,2026-08-03T15:45:00,v2.0,Demo
AD_0332,Gaming,Mobile,Delhi,Video,0.22,10.7,4,932,0.0051,7.9,0.88,104.68,118.95,1,0.0193,0.0193,37.0,932,0.74,0.19,0.0464,other,Mobile,126.84,0.88,104.68,Afternoon,5,16.5,2026-11-29,2026-11-29,1.8,0.9916,0.88,0,1.1364,0.396,0.0464,107,New,Rural,Summer,2026-11-29,2026-08-03T15:45:00,v2.0,Demo
AD_0333,Health,Desktop,Tamil Nadu,Image,1.07,0.0,7,312,0.0255,0.0,7.49,0.0,0.0,0,0.0373,0.0373,30.0,312,0.0,0.09,0.0303,other,Desktop,0.0,7.49,0.0,Night,2,16.8,2026-11-30,2026-11-30,0.12,-1.0,0.0,0,0.0,0.128,0.0303,49,Declining,Rural,Spring,2026-11-30,2026-08-03T15:45:00,v2.0,Demo
AD_0334,Travel,Tablet,Maharashtra,Video,0.78,10.6,11,1153,0.01,3.9,8.58,0.0,0.0,0,0.0089,0.0089,34.0,1153,0.37,0.05,0.0331,instagram,Tablet,0.0,8.58,0.0,Night,7,20.4,2026-12-01,2026-12-01,0.3,-1.0,0.0,0,0.0,0.235,0.0331,21,Growing,Rural,Winter,2026-12-01,2026-08-03T15:45:00,v2.0,Demo
AD_0335,Health,All-Devices,Delhi,Text,0.93,0.0,11,449,0.0247,0.0,10.23,0.0,0.0,0,0.0231,0.0231,25.0,449,0.0,0.11,0.0532,instagram,All-Devices,0.0,10.23,0.0,Night,1,14.4,2026-12-02,2026-12-02,0.13,-1.0,0.0,0,0.0,0.124,0.0532,15,Declining,Semi-Urban,Fall,2026-12-02,2026-08-03T15:45:00,v2.0,Demo
AD_0336,Health,Desktop,Karnataka,Text,0.27,0.0,28,813,0.0348,0.0,7.56,35.92,4.75,1,0.0325,0.0325,55.0,813,0.0,0.05,0.0431,facebook,Desktop,4.57,7.56,35.92,Morning,7,12.6,2026-12-03,2026-12-03,0.64,0.7895,7.56,1,0.1323,0.174,0.0431,14,Declining,Urban,Fall,2026-12-03,2026-08-03T15:45:00,v2.0,Demo
AD_0337,Fashion,All-Devices,Tamil Nadu,Text,0.21,0.0,4,658,0.0072,0.0,0.84,0.0,0.0,0,0.038,0.038,18.0,658,0.0,0.19,0.0922,other,All-Devices,0.0,0.84,0.0,Morning,3,20.4,2026-12-04,2026-12-04,0.17,-1.0,0.0,0,0.0,0.036,0.0922,42,New,Semi-Urban,Summer,2026-12-04,2026-08-03T15:45:00,v2.0,Demo
AD_0338,Gaming,Mobile,Maharashtra,Image,1.05,0.0,9,1333,0.0073,0.0,9.45,0.0,0.0,0,0.0311,0.0311,55.0,1333,0.0,0.08,0.0431,instagram,Mobile,0.0,9.45,0.0,Morning,6,16.0,2026-12-05,2026-12-05,0.03,-1.0,0.0,0,0.0,0.036,0.0431,108,Mature,Semi-Urban,Fall,2026-12-05,2026-08-03T15:45:00,v2.0,Demo
AD_0339,Travel,Mobile,Uttar Pradesh,Image,1.26,0.0,12,834,0.0152,0.0,15.12,0.0,0.0,0,0.0302,0.0302,42.0,834,0.0,0.17,0.0436,google,Mobile,0.0,15.12,0.0,Night,3,11.2,2026-12-06,2026-12-06,0.06,-1.0,0.0,0,0.0,0.076,0.0436,80,Declining,Urban,Summer,2026-12-06,2026-08-03T15:45:00,v2.0,Demo
AD_0340,Electronics,Tablet,Karnataka,Carousel,1.21,0.0,4,150,0.031,0.0,4.84,72.88,15.06,1,0.0339,0.0339,32.0,150,0.0,0.17,0.0445,other,Tablet,13.65,4.84,72.88,Night,5,8.8,2026-12-07,2026-12-07,0.13,0.9336,4.84,1,0.2066,0.155,0.0445,15,Mature,Rural,Spring,2026-12-07,2026-08-03T15:45:00,v2.0,Demo
AD_0341,Food,Mobile,Delhi,Text,0.88,0.0,16,1432,0.0115,0.0,14.08,58.65,4.17,1,0.0206,0.0206,48.0,1432,0.0,0.08,0.0853,facebook,Mobile,3.98,14.08,58.65,Afternoon,3,18.8,2026-12-08,2026-12-08,0.06,0.7599,14.08,0,0.071,0.057,0.0853,106,Mature,Urban,Summer,2026-12-08,2026-08-03T15:45:00,v2.0,Demo
AD_0342,Electronics,Mobile,Delhi,Video,0.28,32.8,22,1453,0.0158,19.0,6.16,0.0,0.0,0,0.0332,0.0332,39.0,1453,0.58,0.14,0.0686,facebook,Mobile,0.0,6.16,0.0,Evening,7,12.1,2026-12-09,2026-12-09,1.32,-1.0,0.0,0,0.0,0.369,0.0686,63,Growing,Urban,Summer,2026-12-09,2026-08-03T15:45:00,v2.0,Demo
AD_0343,Gaming,Desktop,Karnataka,Image,1.08,0.0,6,869,0.0071,0.0,6.48,0.0,0.0,0,0.0053,0.0053,39.0,869,0.0,0.06,0.0653,facebook,Desktop,0.0,6.48,0.0,Morning,2,16.2,2026-12-10,2026-12-10,0.03,-1.0,0.0,0,0.0,0.036,0.0653,68,Growing,Semi-Urban,Summer,2026-12-10,2026-08-03T15:45:00,v2.0,Demo
AD_0344,Food,All-Devices,Delhi,Text,0.48,0.0,36,1294,0.0279,0.0,17.28,83.31,4.82,1,0.0374,0.0374,23.0,1294,0.0,0.12,0.0401,google,All-Devices,5.2,17.28,83.31,Night,3,13.6,2026-12-11,2026-12-11,0.29,0.7926,17.28,1,0.0579,0.14,0.0401,27,Declining,Urban,Fall,2026-12-11,2026-08-03T15:45:00,v2.0,Demo
AD_0345,Gaming,All-Devices,Tamil Nadu,Text,1.38,0.0,14,869,0.0172,0.0,19.32,0.0,0.0,0,0.0205,0.0205,34.0,869,0.0,0.05,0.0836,instagram,All-Devices,0.0,19.32,0.0,Afternoon,4,9.8,2026-12-12,2026-12-12,0.06,-1.0,0.0,0,0.0,0.086,0.0836,87,New,Rural,Summer,2026-12-12,2026-08-03T15:45:00,v2.0,Demo
AD_0346,Health,Desktop,Maharashtra,Image,1.28,0.0,13,469,0.0278,0.0,16.64,0.0,0.0,0,0.0244,0.0244,28.0,469,0.0,0.19,0.0135,google,Desktop,0.0,16.64,0.0,Afternoon,2,15.4,2026-12-13,2026-12-13,0.11,-1.0,0.0,0,0.0,0.139,0.0135,93,New,Semi-Urban,Winter,2026-12-13,2026-08-03T15:45:00,v2.0,Demo
AD_0347,Food,Tablet,Tamil Nadu,Carousel,1.11,0.0,5,173,0.0321,0.0,5.55,0.0,0.0,0,0.0139,0.0139,19.0,173,0.0,0.2,0.0884,other,Tablet,0.0,5.55,0.0,Afternoon,6,7.8,2026-12-14,2026-12-14,0.14,-1.0,0.0,0,0.0,0.16,0.0884,105,Declining,Rural,Summer,2026-12-14,2026-08-03T15:45:00,v2.0,Demo
AD_0348,Health,All-Devices,Delhi,Image,1.43,0.0,5,471,0.012,0.0,7.15,0.0,0.0,0,0.031,0.031,33.0,471,0.0,0.08,0.0561,facebook,All-Devices,0.0,7.15,0.0,Morning,1,12.8,2026-12-15,2026-12-15,0.04,-1.0,0.0,0,0.0,0.06,0.0561,53,Declining,Semi-Urban,Spring,2026-12-15,2026-08-03T15:45:00,v2.0,Demo
AD_0349,Electronics,Mobile,Uttar Pradesh,Image,0.19,0.0,38,1304,0.0292,0.0,7.22,40.76,5.65,1,0.0077,0.0077,22.0,1304,0.0,0.08,0.0458,google,Mobile,5.67,7.22,40.76,Morning,1,14.7,2026-12-16,2026-12-16,0.77,0.8229,7.22,1,0.1385,0.146,0.0458,52,New,Rural,Winter,2026-12-16,2026-08-03T15:45:00,v2.0,Demo
AD_0350,Electronics,All-Devices,Maharashtra,Video,1.14,13.9,7,1136,0.0068,6.3,7.98,81.54,10.22,1,0.0355,0.0355,29.0,1136,0.45,0.16,0.0547,google,All-Devices,9.51,7.98,81.54,Evening,5,13.1,2026-12-17,2026-12-17,0.23,0.9021,7.98,0,0.1253,0.259,0.0547,63,Mature,Urban,Spring,2026-12-17,2026-08-03T15:45:00,v2.0,Demo
AD_0351,Food,Mobile,Maharashtra,Video,0.6,7.2,26,817,0.032,4.2,15.6,0.0,0.0,0,0.034,0.034,22.0,817,0.59,0.09,0.0701,instagram,Mobile,0.0,15.6,0.0,Afternoon,5,17.5,2026-12-18,2026-12-18,0.76,-1.0,0.0,0,0.0,0.455,0.0701,73,Declining,Urban,Spring,2026-12-18,2026-08-03T15:45:00,v2.0,Demo
AD_0352,Food,Tablet,Karnataka,Carousel,1.37,0.0,13,532,0.0245,0.0,17.81,0.0,0.0,0,0.0126,0.0126,22.0,532,0.0,0.18,0.0111,instagram,Tablet,0.0,17.81,0.0,Morning,4,18.6,2026-12-19,2026-12-19,0.09,-1.0,0.0,0,0.0,0.122,0.0111,53,Mature,Urban,Spring,2026-12-19,2026-08-03T15:45:00,v2.0,Demo
AD_0353,Travel,Desktop,Karnataka,Text,0.51,0.0,17,568,0.0312,0.0,8.67,68.33,7.88,1,0.0333,0.0333,26.0,568,0.0,0.14,0.0884,facebook,Desktop,8.25,8.67,68.33,Afternoon,6,17.8,2026-12-20,2026-12-20,0.31,0.8731,8.67,1,0.1153,0.156,0.0884,57,Declining,Rural,Winter,2026-12-20,2026-08-03T15:45:00,v2.0,Demo
AD_0354,Gaming,All-Devices,Uttar Pradesh,Image,1.13,0.0,1,204,0.005,0.0,1.13,119.52,105.77,1,0.0325,0.0325,60.0,204,0.0,0.1,0.0502,google,All-Devices,110.2,1.13,119.52,Night,7,7.5,2026-12-21,2026-12-21,0.02,0.9905,1.13,0,0.885,0.025,0.0502,52,Declining,Semi-Urban,Winter,2026-12-21,2026-08-03T15:45:00,v2.0,Demo
AD_0355,Travel,Desktop,Maharashtra,Carousel,1.33,0.0,1,141,0.0101,0.0,1.33,0.0,0.0,0,0.0271,0.0271,18.0,141,0.0,0.17,0.0409,google,Desktop,0.0,1.33,0.0,Afternoon,1,9.7,2026-12-22,2026-12-22,0.04,-1.0,0.0,0,0.0,0.05,0.0409,107,Mature,Semi-Urban,Fall,2026-12-22,2026-08-03T15:45:00,v2.0,Demo
AD_0356,Gaming,All-Devices,Uttar Pradesh,Video,0.21,23.5,17,1031,0.0167,4.0,3.57,100.23,28.08,1,0.0181,0.0181,45.0,1031,0.17,0.12,0.0224,instagram,All-Devices,26.46,3.57,100.23,Evening,1,14.5,2026-12-23,2026-12-23,0.8,0.9644,3.57,0,0.2801,0.168,0.0224,43,Mature,Semi-Urban,Winter,2026-12-23,2026-08-03T15:45:00,v2.0,Demo
AD_0357,Travel,Mobile,Karnataka,Image,0.69,0.0,8,504,0.0164,0.0,5.52,90.63,16.42,1,0.0145,0.0145,24.0,504,0.0,0.19,0.0496,google,Mobile,17.04,5.52,90.63,Morning,1,20.1,2026-12-24,2026-12-24,0.12,0.9391,5.52,0,0.1812,0.082,0.0496,7,New,Urban,Summer,2026-12-24,2026-08-03T15:45:00,v2.0,Demo
AD_0358,Health,Desktop,Karnataka,Text,1.18,0.0,7,647,0.0118,0.0,8.26,99.07,11.99,1,0.0131,0.0131,57.0,647,0.0,0.19,0.0547,google,Desktop,11.32,8.26,99.07,Night,7,18.7,2026-12-25,2026-12-25,0.05,0.9166,8.26,0,0.1211,0.059,0.0547,117,Declining,Rural,Spring,2026-12-25,2026-08-03T15:45:00,v2.0,Demo
AD_0359,Food,All-Devices,Maharashtra,Video,0.76,21.6,9,559,0.0164,9.3,6.84,57.68,8.43,1,0.0162,0.0162,22.0,559,0.43,0.07,0.0463,google,All-Devices,8.33,6.84,57.68,Morning,1,18.8,2026-12-26,2026-12-26,0.39,0.8814,6.84,0,0.1462,0.297,0.0463,42,Growing,Semi-Urban,Fall,2026-12-26,2026-08-03T15:45:00,v2.0,Demo
AD_0360,Electronics,Mobile,Tamil Nadu,Video,0.51,7.5,11,1256,0.0089,2.4,5.61,0.0,0.0,0,0.0366,0.0366,58.0,1256,0.32,0.05,0.0711,instagram,Mobile,0.0,5.61,0.0,Night,3,11.2,2026-12-27,2026-12-27,0.4,-1.0,0.0,0,0.0,0.205,0.0711,4,Growing,Rural,Winter,2026-12-27,2026-08-03T15:45:00,v2.0,Demo
AD_0361,Gaming,Desktop,Delhi,Video,0.45,20.9,7,435,0.0174,6.1,3.15,0.0,0.0,0,0.0077,0.0077,44.0,435,0.29,0.2,0.0479,facebook,Desktop,0.0,3.15,0.0,Afternoon,6,13.0,2026-12-28,2026-12-28,0.52,-1.0,0.0,0,0.0,0.232,0.0479,69,Declining,Semi-Urban,Spring,2026-12-28,2026-08-03T15:45:00,v2.0,Demo
AD_0362,Gaming,Desktop,Karnataka,Carousel,0.33,0.0,13,454,0.0291,0.0,4.29,0.0,0.0,0,0.034,0.034,18.0,454,0.0,0.19,0.0965,other,Desktop,0.0,4.29,0.0,Afternoon,2,13.6,2026-12-29,2026-12-29,0.44,-1.0,0.0,0,0.0,0.146,0.0965,5,Declining,Urban,Winter,2026-12-29,2026-08-03T15:45:00,v2.0,Demo
AD_0363,Electronics,All-Devices,Karnataka,Text,1.31,0.0,5,295,0.0194,0.0,6.55,50.34,7.69,1,0.0172,0.0172,56.0,295,0.0,0.06,0.0639,facebook,All-Devices,8.14,6.55,50.34,Evening,2,9.2,2026-12-30,2026-12-30,0.07,0.8699,6.55,0,0.1527,0.097,0.0639,75,Declining,Rural,Fall,2026-12-30,2026-08-03T15:45:00,v2.0,Demo
AD_0364,Travel,All-Devices,Tamil Nadu,Image,0.93,0.0,4,791,0.0055,0.0,3.72,79.59,21.4,1,0.0233,0.0233,40.0,791,0.0,0.17,0.0827,other,All-Devices,22.85,3.72,79.59,Evening,4,7.4,2026-12-31,2026-12-31,0.03,0.9533,3.72,0,0.2688,0.027,0.0827,105,Mature,Semi-Urban,Winter,2026-12-31,2026-08-03T15:45:00,v2.0,Demo
AD_0365,Gaming,All-Devices,Tamil Nadu,Carousel,0.25,0.0,12,710,0.0176,0.0,3.0,0.0,0.0,0,0.0328,0.0328,29.0,710,0.0,0.12,0.0198,google,All-Devices,0.0,3.0,0.0,Night,3,20.3,2027-01-01,2027-01-01,0.35,-1.0,0.0,0,0.0,0.088,0.0198,92,Growing,Semi-Urban,Winter,2027-01-01,2026-08-03T15:45:00,v2.0,Demo
AD_0366,Health,Mobile,Uttar Pradesh,Carousel,0.67,0.0,4,699,0.0058,0.0,2.68,0.0,0.0,0,0.036,0.036,50.0,699,0.0,0.09,0.0458,facebook,Mobile,0.0,2.68,0.0,Evening,1,10.4,2027-01-02,2027-01-02,0.04,-1.0,0.0,0,0.0,0.029,0.0458,80,Growing,Semi-Urban,Spring,2027-01-02,2026-08-03T15:45:00,v2.0,Demo
AD_0367,Food,All-Devices,Uttar Pradesh,Carousel,0.65,0.0,50,1496,0.034,0.0,32.5,0.0,0.0,0,0.0171,0.0171,57.0,1496,0.0,0.18,0.0403,other,All-Devices,0.0,32.5,0.0,Evening,1,10.4,2027-01-03,2027-01-03,0.26,-1.0,0.0,0,0.0,0.17,0.0403,41,Growing,Semi-Urban,Summer,2027-01-03,2026-08-03T15:45:00,v2.0,Demo
AD_0368,Electronics,Desktop,Delhi,Video,0.4,37.7,8,950,0.0088,22.2,3.2,55.01,17.19,1,0.0212,0.0212,38.0,950,0.59,0.08,0.0613,instagram,Desktop,16.55,3.2,55.01,Evening,5,8.2,2027-01-04,2027-01-04,0.85,0.9418,3.2,0,0.3125,0.339,0.0613,118,Declining,Urban,Winter,2027-01-04,2026-08-03T15:45:00,v2.0,Demo
AD_0369,Food,Desktop,Delhi,Text,0.74,0.0,2,114,0.0262,0.0,1.48,0.0,0.0,0,0.0195,0.0195,31.0,114,0.0,0.19,0.0875,instagram,Desktop,0.0,1.48,0.0,Evening,5,20.0,2027-01-05,2027-01-05,0.18,-1.0,0.0,0,0.0,0.131,0.0875,94,Mature,Semi-Urban,Fall,2027-01-05,2026-08-03T15:45:00,v2.0,Demo
AD_0370,Gaming,All-Devices,Maharashtra,Carousel,0.6,0.0,37,1086,0.0342,0.0,22.2,88.67,3.99,1,0.0055,0.0055,51.0,1086,0.0,0.08,0.0171,facebook,All-Devices,3.81,22.2,88.67,Afternoon,4,15.1,2027-01-06,2027-01-06,0.29,0.7496,22.2,1,0.045,0.171,0.0171,4,Declining,Semi-Urban,Winter,2027-01-06,2026-08-03T15:45:00,v2.0,Demo
AD_0371,Gaming,All-Devices,Uttar Pradesh,Image,0.61,0.0,7,262,0.0298,0.0,4.27,0.0,0.0,0,0.0154,0.0154,47.0,262,0.0,0.14,0.0165,facebook,All-Devices,0.0,4.27,0.0,Evening,1,16.3,2027-01-07,2027-01-07,0.24,-1.0,0.0,0,0.0,0.149,0.0165,2,New,Urban,Winter,2027-01-07,2026-08-03T15:45:00,v2.0,Demo
AD_0372,Electronics,Tablet,Karnataka,Text,1.15,0.0,7,291,0.026,0.0,8.05,0.0,0.0,0,0.0211,0.0211,55.0,291,0.0,0.08,0.0865,google,Tablet,0.0,8.05,0.0,Afternoon,4,19.8,2027-01-08,2027-01-08,0.11,-1.0,0.0,0,0.0,0.13,0.0865,110,New,Semi-Urban,Summer,2027-01-08,2026-08-03T15:45:00,v2.0,Demo
AD_0373,Health,Desktop,Uttar Pradesh,Image,0.45,0.0,16,542,0.0302,0.0,7.2,0.0,0.0,0,0.0194,0.0194,47.0,542,0.0,0.13,0.0292,facebook,Desktop,0.0,7.2,0.0,Afternoon,3,11.8,2027-01-09,2027-01-09,0.34,-1.0,0.0,0,0.0,0.151,0.0292,67,Growing,Rural,Spring,2027-01-09,2026-08-03T15:45:00,v2.0,Demo
AD_0374,Fashion,Mobile,Karnataka,Text,1.02,0.0,44,1286,0.0345,0.0,44.88,36.0,0.8,1,0.0303,0.0303,28.0,1286,0.0,0.15,0.0702,google,Mobile,0.74,44.88,36.0,Morning,2,15.7,2027-01-10,2027-01-10,0.17,-0.2467,44.88,0,0.0223,0.173,0.0702,114,Declining,Rural,Fall,2027-01-10,2026-08-03T15:45:00,v2.0,Demo
AD_0375,Electronics,Tablet,Tamil Nadu,Image,0.92,0.0,9,387,0.0236,0.0,8.28,0.0,0.0,0,0.0185,0.0185,57.0,387,0.0,0.08,0.0589,google,Tablet,0.0,8.28,0.0,Afternoon,1,7.5,2027-01-11,2027-01-11,0.13,-1.0,0.0,0,0.0,0.118,0.0589,21,New,Semi-Urban,Spring,2027-01-11,2026-08-03T15:45:00,v2.0,Demo
AD_0376,Fashion,All-Devices,Uttar Pradesh,Video,0.92,31.4,4,222,0.0218,15.4,3.68,0.0,0.0,0,0.0221,0.0221,22.0,222,0.49,0.13,0.085,instagram,All-Devices,0.0,3.68,0.0,Afternoon,6,9.6,2027-01-12,2027-01-12,0.38,-1.0,0.0,0,0.0,0.354,0.085,70,New,Urban,Spring,2027-01-12,2026-08-03T15:45:00,v2.0,Demo
AD_0377,Travel,All-Devices,Tamil Nadu,Carousel,1.05,0.0,17,721,0.0238,0.0,17.85,113.93,6.38,1,0.02,0.02,29.0,721,0.0,0.12,0.0213,instagram,All-Devices,5.86,17.85,113.93,Evening,7,18.6,2027-01-13,2027-01-13,0.11,0.8433,17.85,1,0.056,0.119,0.0213,43,Declining,Urban,Spring,2027-01-13,2026-08-03T15:45:00,v2.0,Demo
AD_0378,Fashion,Desktop,Delhi,Image,0.89,0.0,4,213,0.021,0.0,3.56,77.09,21.65,1,0.0309,0.0309,40.0,213,0.0,0.06,0.0217,other,Desktop,23.48,3.56,77.09,Afternoon,3,17.7,2027-01-14,2027-01-14,0.12,0.9538,3.56,1,0.2809,0.105,0.0217,117,Mature,Urban,Winter,2027-01-14,2026-08-03T15:45:00,v2.0,Demo
AD_0379,Health,All-Devices,Delhi,Text,1.34,0.0,12,514,0.0241,0.0,16.08,54.46,3.39,1,0.0352,0.0352,42.0,514,0.0,0.17,0.0601,instagram,All-Devices,3.44,16.08,54.46,Night,1,11.9,2027-01-15,2027-01-15,0.09,0.7047,16.08,1,0.0622,0.12,0.0601,82,Declining,Semi-Urban,Summer,2027-01-15,2026-08-03T15:45:00,v2.0,Demo
AD_0380,Travel,Mobile,Maharashtra,Carousel,1.06,0.0,19,1044,0.0185,0.0,20.14,0.0,0.0,0,0.0236,0.0236,19.0,1044,0.0,0.1,0.0952,instagram,Mobile,0.0,20.14,0.0,Evening,7,12.3,2027-01-16,2027-01-16,0.09,-1.0,0.0,0,0.0,0.092,0.0952,108,Declining,Semi-Urban,Winter,2027-01-16,2026-08-03T15:45:00,v2.0,Demo
AD_0381,Fashion,Desktop,Uttar Pradesh,Carousel,0.89,0.0,6,546,0.0116,0.0,5.34,83.87,15.71,1,0.0326,0.0326,51.0,546,0.0,0.14,0.0473,facebook,Desktop,16.52,5.34,83.87,Evening,6,14.5,2027-01-17,2027-01-17,0.07,0.9363,5.34,0,0.1873,0.058,0.0473,69,Mature,Rural,Fall,2027-01-17,2026-08-03T15:45:00,v2.0,Demo
AD_0382,Travel,All-Devices,Tamil Nadu,Text,1.27,0.0,6,749,0.0086,0.0,7.62,0.0,0.0,0,0.0154,0.0154,33.0,749,0.0,0.13,0.0394,instagram,All-Devices,0.0,7.62,0.0,Evening,5,7.0,2027-01-18,2027-01-18,0.03,-1.0,0.0,0,0.0,0.043,0.0394,9,Growing,Urban,Summer,2027-01-18,2026-08-03T15:45:00,v2.0,Demo
AD_0383,Fashion,Desktop,Karnataka,Image,0.97,0.0,3,444,0.0071,0.0,2.91,0.0,0.0,0,0.0239,0.0239,35.0,444,0.0,0.13,0.0646,other,Desktop,0.0,2.91,0.0,Morning,4,10.4,2027-01-19,2027-01-19,0.04,-1.0,0.0,0,0.0,0.036,0.0646,84,Growing,Semi-Urban,Spring,2027-01-19,2026-08-03T15:45:00,v2.0,Demo
AD_0384,Health,All-Devices,Delhi,Video,0.54,24.1,9,752,0.0129,14.7,4.86,0.0,0.0,0,0.0171,0.0171,52.0,752,0.61,0.07,0.0937,facebook,All-Devices,0.0,4.86,0.0,Evening,5,9.9,2027-01-20,2027-01-20,0.69,-1.0,0.0,0,0.0,0.37,0.0937,28,Growing,Semi-Urban,Summer,2027-01-20,2026-08-03T15:45:00,v2.0,Demo
AD_0385,Fashion,All-Devices,Delhi,Video,0.43,39.5,2,357,0.0064,9.1,0.86,0.0,0.0,0,0.0195,0.0195,34.0,357,0.23,0.11,0.0853,other,All-Devices,0.0,0.86,0.0,Afternoon,2,10.5,2027-01-21,2027-01-21,0.34,-1.0,0.0,0,0.0,0.147,0.0853,26,Mature,Semi-Urban,Fall,2027-01-21,2026-08-03T15:45:00,v2.0,Demo
AD_0386,Fashion,All-Devices,Karnataka,Image,0.36,0.0,5,232,0.022,0.0,1.8,0.0,0.0,0,0.0306,0.0306,20.0,232,0.0,0.12,0.0996,instagram,All-Devices,0.0,1.8,0.0,Night,5,18.3,2027-01-22,2027-01-22,0.31,-1.0,0.0,0,0.0,0.11,0.0996,82,New,Urban,Winter,2027-01-22,2026-08-03T15:45:00,v2.0,Demo
AD_0387,Fashion,Mobile,Tamil Nadu,Carousel,1.36,0.0,9,678,0.0135,0.0,12.24,110.43,9.02,1,0.0359,0.0359,25.0,678,0.0,0.16,0.012,other,Mobile,9.27,12.24,110.43,Evening,1,10.9,2027-01-23,2027-01-23,0.05,0.8892,12.24,0,0.0817,0.068,0.012,83,Mature,Urban,Winter,2027-01-23,2026-08-03T15:45:00,v2.0,Demo
AD_0388,Electronics,Mobile,Tamil Nadu,Carousel,1.11,0.0,16,559,0.0297,0.0,17.76,36.72,2.07,1,0.0093,0.0093,58.0,559,0.0,0.18,0.0202,facebook,Mobile,1.95,17.76,36.72,Evening,6,9.7,2027-01-24,2027-01-24,0.13,0.5163,17.76,1,0.0563,0.148,0.0202,3,Declining,Rural,Spring,2027-01-24,2026-08-03T15:45:00,v2.0,Demo
AD_0389,Electronics,Desktop,Uttar Pradesh,Carousel,1.42,0.0,4,595,0.0072,0.0,5.68,111.7,19.67,1,0.0272,0.0272,21.0,595,0.0,0.13,0.0649,google,Desktop,20.37,5.68,111.7,Night,5,14.1,2027-01-25,2027-01-25,0.03,0.9491,5.68,0,0.1761,0.036,0.0649,73,Mature,Urban,Winter,2027-01-25,2026-08-03T15:45:00,v2.0,Demo
AD_0390,Electronics,All-Devices,Uttar Pradesh,Carousel,0.96,0.0,7,673,0.0118,0.0,6.72,0.0,0.0,0,0.0254,0.0254,33.0,673,0.0,0.06,0.0839,other,All-Devices,0.0,6.72,0.0,Evening,1,19.1,2027-01-26,2027-01-26,0.06,-1.0,0.0,0,0.0,0.059,0.0839,100,New,Semi-Urban,Winter,2027-01-26,2026-08-03T15:45:00,v2.0,Demo
AD_0391,Health,All-Devices,Maharashtra,Image,0.79,0.0,17,643,0.0269,0.0,13.43,93.04,6.93,1,0.0091,0.0091,39.0,643,0.0,0.09,0.0357,other,All-Devices,6.89,13.43,93.04,Morning,2,10.4,2027-01-27,2027-01-27,0.17,0.8557,13.43,1,0.0745,0.134,0.0357,95,New,Rural,Fall,2027-01-27,2026-08-03T15:45:00,v2.0,Demo
AD_0392,Travel,Mobile,Delhi,Carousel,0.23,0.0,18,793,0.023,0.0,4.14,99.34,24.0,1,0.0124,0.0124,39.0,793,0.0,0.07,0.0315,facebook,Mobile,24.57,4.14,99.34,Afternoon,7,8.1,2027-01-28,2027-01-28,0.5,0.9583,4.14,1,0.2415,0.115,0.0315,49,Declining,Urban,Summer,2027-01-28,2026-08-03T15:45:00,v2.0,Demo
AD_0393,Gaming,All-Devices,Uttar Pradesh,Text,1.06,0.0,8,1300,0.0069,0.0,8.48,0.0,0.0,0,0.0159,0.0159,18.0,1300,0.0,0.07,0.0808,facebook,All-Devices,0.0,8.48,0.0,Night,6,12.0,2027-01-29,2027-01-29,0.03,-1.0,0.0,0,0.0,0.034,0.0808,17,Growing,Urban,Winter,2027-01-29,2026-08-03T15:45:00,v2.0,Demo
AD_0394,Fashion,Mobile,Tamil Nadu,Carousel,0.94,0.0,46,1495,0.0313,0.0,43.24,0.0,0.0,0,0.0108,0.0108,39.0,1495,0.0,0.1,0.0151,other,Mobile,0.0,43.24,0.0,Night,5,17.5,2027-01-30,2027-01-30,0.17,-1.0,0.0,0,0.0,0.156,0.0151,63,New,Urban,Fall,2027-01-30,2026-08-03T15:45:00,v2.0,Demo
AD_0395,Fashion,All-Devices,Karnataka,Video,1.49,14.3,18,603,0.0313,8.0,26.82,77.67,2.9,1,0.0135,0.0135,34.0,603,0.56,0.08,0.0432,instagram,All-Devices,2.9,26.82,77.67,Morning,4,14.7,2027-01-31,2027-01-31,0.29,0.6547,26.82,1,0.0373,0.436,0.0432,55,New,Urban,Fall,2027-01-31,2026-08-03T15:45:00,v2.0,Demo
AD_0396,Health,Desktop,Tamil Nadu,Carousel,0.47,0.0,1,70,0.0149,0.0,0.47,95.91,204.06,1,0.0144,0.0144,59.0,70,0.0,0.08,0.0555,other,Desktop,218.01,0.47,95.91,Afternoon,4,18.4,2027-02-01,2027-02-01,0.16,0.9951,0.47,0,2.1277,0.074,0.0555,23,New,Semi-Urban,Spring,2027-02-01,2026-08-03T15:45:00,v2.0,Demo
AD_0397,Fashion,All-Devices,Delhi,Image,0.87,0.0,9,603,0.0152,0.0,7.83,113.17,14.45,1,0.0167,0.0167,25.0,603,0.0,0.06,0.0604,facebook,All-Devices,15.32,7.83,113.17,Morning,6,20.4,2027-02-02,2027-02-02,0.09,0.9308,7.83,0,0.1277,0.076,0.0604,34,Declining,Urban,Fall,2027-02-02,2026-08-03T15:45:00,v2.0,Demo
AD_0398,Electronics,All-Devices,Tamil Nadu,Video,1.03,14.7,15,446,0.0347,3.5,15.45,0.0,0.0,0,0.0312,0.0312,33.0,446,0.24,0.05,0.0756,google,All-Devices,0.0,15.45,0.0,Afternoon,4,18.1,2027-02-03,2027-02-03,0.29,-1.0,0.0,0,0.0,0.294,0.0756,105,New,Semi-Urban,Spring,2027-02-03,2026-08-03T15:45:00,v2.0,Demo
AD_0399,Gaming,Tablet,Maharashtra,Image,1.02,0.0,16,674,0.0238,0.0,16.32,0.0,0.0,0,0.025,0.025,36.0,674,0.0,0.07,0.0419,google,Tablet,0.0,16.32,0.0,Morning,5,15.5,2027-02-04,2027-02-04,0.12,-1.0,0.0,0,0.0,0.119,0.0419,105,Growing,Semi-Urban,Winter,2027-02-04,2026-08-03T15:45:00,v2.0,Demo
AD_0400,Food,Mobile,Delhi,Image,0.91,0.0,3,154,0.0209,0.0,2.73,57.27,20.98,1,0.0395,0.0395,34.0,154,0.0,0.08,0.0651,instagram,Mobile,20.59,2.73,57.27,Evening,5,13.9,2027-02-05,2027-02-05,0.11,0.9523,2.73,1,0.3663,0.104,0.0651,69,Declining,Semi-Urban,Spring,2027-02-05,2026-08-03T15:45:00,v2.0,Demo
AD_0401,Fashion,All-Devices,Karnataka,Video,1.2,33.4,7,241,0.0301,22.7,8.4,116.99,13.93,1,0.0195,0.0195,46.0,241,0.68,0.11,0.0627,other,All-Devices,14.84,8.4,116.99,Morning,6,7.6,2027-02-06,2027-02-06,0.41,0.9282,8.4,1,0.119,0.491,0.0627,15,Growing,Rural,Fall,2027-02-06,2026-08-03T15:45:00,v2.0,Demo
AD_0402,Electronics,All-Devices,Maharashtra,Image,0.43,0.0,1,66,0.0136,0.0,0.43,86.53,201.23,1,0.0314,0.0314,27.0,66,0.0,0.13,0.0593,google,All-Devices,190.27,0.43,86.53,Night,5,20.8,2027-02-07,2027-02-07,0.16,0.995,0.43,0,2.3256,0.068,0.0593,47,New,Semi-Urban,Summer,2027-02-07,2026-08-03T15:45:00,v2.0,Demo
AD_0403,Food,Tablet,Delhi,Image,1.13,0.0,21,1193,0.0179,0.0,23.73,113.76,4.79,1,0.0355,0.0355,27.0,1193,0.0,0.07,0.0676,other,Tablet,4.81,23.73,113.76,Night,7,12.4,2027-02-08,2027-02-08,0.08,0.7914,23.73,0,0.0421,0.09,0.0676,3,New,Urban,Summer,2027-02-08,2026-08-03T15:45:00,v2.0,Demo
AD_0404,Gaming,Tablet,Karnataka,Carousel,0.99,0.0,5,442,0.013,0.0,4.95,0.0,0.0,0,0.0288,0.0288,49.0,442,0.0,0.11,0.0334,facebook,Tablet,0.0,4.95,0.0,Night,1,9.1,2027-02-09,2027-02-09,0.07,-1.0,0.0,0,0.0,0.065,0.0334,83,Growing,Rural,Winter,2027-02-09,2026-08-03T15:45:00,v2.0,Demo
AD_0405,Food,Mobile,Maharashtra,Text,1.36,0.0,13,474,0.0287,0.0,17.68,0.0,0.0,0,0.0194,0.0194,39.0,474,0.0,0.1,0.0176,google,Mobile,0.0,17.68,0.0,Morning,2,16.3,2027-02-10,2027-02-10,0.11,-1.0,0.0,0,0.0,0.144,0.0176,28,Declining,Urban,Winter,2027-02-10,2026-08-03T15:45:00,v2.0,Demo
AD_0406,Electronics,Tablet,Maharashtra,Image,1.29,0.0,3,178,0.0222,0.0,3.87,0.0,0.0,0,0.0314,0.0314,35.0,178,0.0,0.08,0.0207,instagram,Tablet,0.0,3.87,0.0,Night,7,11.0,2027-02-11,2027-02-11,0.09,-1.0,0.0,0,0.0,0.111,0.0207,3,Declining,Semi-Urban,Summer,2027-02-11,2026-08-03T15:45:00,v2.0,Demo
AD_0407,Travel,Desktop,Delhi,Image,0.58,0.0,29,1203,0.0248,0.0,16.82,0.0,0.0,0,0.0121,0.0121,25.0,1203,0.0,0.05,0.0302,facebook,Desktop,0.0,16.82,0.0,Night,7,15.2,2027-02-12,2027-02-12,0.21,-1.0,0.0,0,0.0,0.124,0.0302,102,Growing,Urban,Spring,2027-02-12,2026-08-03T15:45:00,v2.0,Demo
AD_0408,Travel,Tablet,Uttar Pradesh,Image,0.52,0.0,7,621,0.0126,0.0,3.64,101.1,27.77,1,0.0165,0.0165,26.0,621,0.0,0.12,0.055,instagram,Tablet,25.6,3.64,101.1,Evening,4,15.2,2027-02-13,2027-02-13,0.12,0.964,3.64,0,0.2747,0.063,0.055,4,New,Rural,Winter,2027-02-13,2026-08-03T15:45:00,v2.0,Demo
AD_0409,Food,Desktop,Maharashtra,Carousel,1.48,0.0,1,78,0.0116,0.0,1.48,0.0,0.0,0,0.0241,0.0241,18.0,78,0.0,0.15,0.0856,facebook,Desktop,0.0,1.48,0.0,Evening,1,13.2,2027-02-14,2027-02-14,0.04,-1.0,0.0,0,0.0,0.058,0.0856,88,Mature,Rural,Fall,2027-02-14,2026-08-03T15:45:00,v2.0,Demo
AD_0410,Health,Mobile,Maharashtra,Text,0.86,0.0,23,1170,0.0197,0.0,19.78,0.0,0.0,0,0.0251,0.0251,22.0,1170,0.0,0.08,0.0731,google,Mobile,0.0,19.78,0.0,Afternoon,6,18.7,2027-02-15,2027-02-15,0.11,-1.0,0.0,0,0.0,0.098,0.0731,31,Growing,Urban,Winter,2027-02-15,2026-08-03T15:45:00,v2.0,Demo
AD_0411,Food,Mobile,Karnataka,Video,1.37,23.1,29,1083,0.0271,8.3,39.73,61.11,1.54,1,0.0058,0.0058,41.0,1083,0.36,0.07,0.081,instagram,Mobile,1.47,39.73,61.11,Afternoon,4,10.7,2027-02-16,2027-02-16,0.23,0.3499,39.73,0,0.0252,0.316,0.081,45,Growing,Urban,Spring,2027-02-16,2026-08-03T15:45:00,v2.0,Demo
AD_0412,Fashion,Mobile,Tamil Nadu,Carousel,0.37,0.0,6,291,0.0208,0.0,2.22,0.0,0.0,0,0.0381,0.0381,55.0,291,0.0,0.18,0.0416,instagram,Mobile,0.0,2.22,0.0,Afternoon,1,13.3,2027-02-17,2027-02-17,0.28,-1.0,0.0,0,0.0,0.104,0.0416,59,Growing,Urban,Winter,2027-02-17,2026-08-03T15:45:00,v2.0,Demo
AD_0413,Fashion,Mobile,Delhi,Carousel,1.02,0.0,1,281,0.006,0.0,1.02,72.01,70.6,1,0.0294,0.0294,30.0,281,0.0,0.09,0.0464,facebook,Mobile,68.43,1.02,72.01,Morning,5,14.5,2027-02-18,2027-02-18,0.03,0.9858,1.02,0,0.9804,0.03,0.0464,45,New,Rural,Fall,2027-02-18,2026-08-03T15:45:00,v2.0,Demo
AD_0414,Travel,Mobile,Delhi,Text,1.24,0.0,26,838,0.0311,0.0,32.24,36.91,1.14,1,0.0223,0.0223,32.0,838,0.0,0.08,0.0454,instagram,Mobile,1.25,32.24,36.91,Afternoon,6,16.3,2027-02-19,2027-02-19,0.13,0.1265,32.24,0,0.031,0.156,0.0454,75,Declining,Semi-Urban,Fall,2027-02-19,2026-08-03T15:45:00,v2.0,Demo
AD_0415,Health,Desktop,Uttar Pradesh,Text,1.43,0.0,9,1357,0.0069,0.0,12.87,44.94,3.49,1,0.0377,0.0377,23.0,1357,0.0,0.18,0.0273,facebook,Desktop,3.82,12.87,44.94,Morning,6,18.0,2027-02-20,2027-02-20,0.02,0.7136,12.87,0,0.0777,0.034,0.0273,37,New,Urban,Fall,2027-02-20,2026-08-03T15:45:00,v2.0,Demo
AD_0416,Electronics,Desktop,Uttar Pradesh,Carousel,0.61,0.0,25,764,0.0337,0.0,15.25,0.0,0.0,0,0.0204,0.0204,34.0,764,0.0,0.17,0.0155,facebook,Desktop,0.0,15.25,0.0,Morning,4,12.5,2027-02-21,2027-02-21,0.28,-1.0,0.0,0,0.0,0.168,0.0155,65,Growing,Semi-Urban,Spring,2027-02-21,2026-08-03T15:45:00,v2.0,Demo
AD_0417,Fashion,Mobile,Delhi,Video,1.13,31.9,4,808,0.0058,14.4,4.52,0.0,0.0,0,0.0393,0.0393,20.0,808,0.45,0.12,0.0632,facebook,Mobile,0.0,4.52,0.0,Afternoon,5,16.0,2027-02-22,2027-02-22,0.22,-1.0,0.0,0,0.0,0.254,0.0632,9,New,Rural,Spring,2027-02-22,2026-08-03T15:45:00,v2.0,Demo
AD_0418,Travel,Tablet,Uttar Pradesh,Carousel,0.88,0.0,21,851,0.0258,0.0,18.48,0.0,0.0,0,0.0229,0.0229,57.0,851,0.0,0.12,0.099,facebook,Tablet,0.0,18.48,0.0,Afternoon,4,9.1,2027-02-23,2027-02-23,0.15,-1.0,0.0,0,0.0,0.129,0.099,17,New,Urban,Fall,2027-02-23,2026-08-03T15:45:00,v2.0,Demo
AD_0419,Gaming,All-Devices,Karnataka,Text,0.23,0.0,6,825,0.0075,0.0,1.38,0.0,0.0,0,0.009,0.009,46.0,825,0.0,0.08,0.025,google,All-Devices,0.0,1.38,0.0,Morning,3,20.1,2027-02-24,2027-02-24,0.17,-1.0,0.0,0,0.0,0.038,0.025,118,Growing,Urban,Fall,2027-02-24,2026-08-03T15:45:00,v2.0,Demo
AD_0420,Travel,Mobile,Delhi,Video,1.08,6.5,25,775,0.0323,4.3,27.0,0.0,0.0,0,0.0318,0.0318,60.0,775,0.66,0.06,0.0142,facebook,Mobile,0.0,27.0,0.0,Evening,1,12.4,2027-02-25,2027-02-25,0.46,-1.0,0.0,0,0.0,0.492,0.0142,65,New,Rural,Spring,2027-02-25,2026-08-03T15:45:00,v2.0,Demo
AD_0421,Fashion,Tablet,Uttar Pradesh,Text,1.08,0.0,4,249,0.0189,0.0,4.32,0.0,0.0,0,0.0288,0.0288,55.0,249,0.0,0.14,0.0802,other,Tablet,0.0,4.32,0.0,Night,3,17.2,2027-02-26,2027-02-26,0.09,-1.0,0.0,0,0.0,0.094,0.0802,3,Mature,Urban,Spring,2027-02-26,2026-08-03T15:45:00,v2.0,Demo
AD_0422,Fashion,All-Devices,Delhi,Video,1.41,17.8,9,994,0.0091,5.3,12.69,70.69,5.57,1,0.0321,0.0321,38.0,994,0.3,0.06,0.0327,instagram,All-Devices,5.05,12.69,70.69,Night,1,7.3,2027-02-27,2027-02-27,0.14,0.8205,12.69,0,0.0788,0.196,0.0327,111,New,Semi-Urban,Spring,2027-02-27,2026-08-03T15:45:00,v2.0,Demo
AD_0423,Travel,Mobile,Tamil Nadu,Image,0.82,0.0,1,128,0.0152,0.0,0.82,0.0,0.0,0,0.0383,0.0383,40.0,128,0.0,0.12,0.0847,other,Mobile,0.0,0.82,0.0,Night,2,9.9,2027-02-28,2027-02-28,0.09,-1.0,0.0,0,0.0,0.076,0.0847,26,New,Rural,Summer,2027-02-28,2026-08-03T15:45:00,v2.0,Demo
AD_0424,Electronics,Mobile,Maharashtra,Text,0.46,0.0,9,1005,0.0099,0.0,4.14,30.02,7.25,1,0.0322,0.0322,26.0,1005,0.0,0.19,0.0734,google,Mobile,6.73,4.14,30.02,Evening,7,13.8,2027-03-01,2027-03-01,0.11,0.8621,4.14,0,0.2415,0.05,0.0734,53,Declining,Rural,Spring,2027-03-01,2026-08-03T15:45:00,v2.0,Demo
AD_0425,Food,Desktop,Delhi,Text,0.21,0.0,9,905,0.0101,0.0,1.89,0.0,0.0,0,0.0264,0.0264,37.0,905,0.0,0.19,0.0951,other,Desktop,0.0,1.89,0.0,Morning,6,19.3,2027-03-02,2027-03-02,0.24,-1.0,0.0,0,0.0,0.05,0.0951,31,Declining,Urban,Fall,2027-03-02,2026-08-03T15:45:00,v2.0,Demo
AD_0426,Fashion,All-Devices,Maharashtra,Carousel,0.71,0.0,41,1246,0.0334,0.0,29.11,85.48,2.94,1,0.035,0.035,56.0,1246,0.0,0.09,0.0468,instagram,All-Devices,2.75,29.11,85.48,Afternoon,4,14.4,2027-03-03,2027-03-03,0.24,0.6595,29.11,1,0.0344,0.167,0.0468,26,Growing,Rural,Summer,2027-03-03,2026-08-03T15:45:00,v2.0,Demo
AD_0427,Travel,All-Devices,Uttar Pradesh,Text,0.56,0.0,9,516,0.0184,0.0,5.04,71.17,14.12,1,0.0286,0.0286,20.0,516,0.0,0.14,0.0696,other,All-Devices,15.42,5.04,71.17,Morning,2,20.0,2027-03-04,2027-03-04,0.16,0.9292,5.04,0,0.1984,0.092,0.0696,23,Growing,Urban,Spring,2027-03-04,2026-08-03T15:45:00,v2.0,Demo
AD_0428,Travel,Tablet,Maharashtra,Text,1.18,0.0,18,630,0.0287,0.0,21.24,0.0,0.0,0,0.0193,0.0193,54.0,630,0.0,0.12,0.0518,google,Tablet,0.0,21.24,0.0,Morning,2,13.8,2027-03-05,2027-03-05,0.12,-1.0,0.0,0,0.0,0.144,0.0518,30,Declining,Urban,Fall,2027-03-05,2026-08-03T15:45:00,v2.0,Demo
AD_0429,Health,Desktop,Delhi,Image,0.63,0.0,36,1489,0.0242,0.0,22.68,70.98,3.13,1,0.036,0.036,32.0,1489,0.0,0.18,0.0668,facebook,Desktop,3.32,22.68,70.98,Afternoon,6,13.9,2027-03-06,2027-03-06,0.19,0.6805,22.68,1,0.0441,0.121,0.0668,10,Mature,Rural,Winter,2027-03-06,2026-08-03T15:45:00,v2.0,Demo
AD_0430,Food,Desktop,Tamil Nadu,Text,1.43,0.0,25,989,0.0253,0.0,35.75,0.0,0.0,0,0.0128,0.0128,56.0,989,0.0,0.09,0.0505,other,Desktop,0.0,35.75,0.0,Evening,6,8.7,2027-03-07,2027-03-07,0.09,-1.0,0.0,0,0.0,0.126,0.0505,72,New,Urban,Summer,2027-03-07,2026-08-03T15:45:00,v2.0,Demo
AD_0431,Gaming,Desktop,Uttar Pradesh,Image,1.45,0.0,4,498,0.009,0.0,5.8,95.74,16.51,1,0.03,0.03,58.0,498,0.0,0.05,0.027,google,Desktop,15.97,5.8,95.74,Night,1,18.2,2027-03-08,2027-03-08,0.03,0.9394,5.8,0,0.1724,0.045,0.027,108,Mature,Semi-Urban,Fall,2027-03-08,2026-08-03T15:45:00,v2.0,Demo
AD_0432,Electronics,Desktop,Delhi,Image,0.99,0.0,1,136,0.012,0.0,0.99,42.18,42.61,1,0.0359,0.0359,46.0,136,0.0,0.07,0.0557,google,Desktop,40.35,0.99,42.18,Night,3,10.5,2027-03-09,2027-03-09,0.06,0.9765,0.99,0,1.0101,0.06,0.0557,89,Mature,Semi-Urban,Winter,2027-03-09,2026-08-03T15:45:00,v2.0,Demo
AD_0433,Gaming,All-Devices,Uttar Pradesh,Image,1.4,0.0,4,150,0.0286,0.0,5.6,47.79,8.53,1,0.0306,0.0306,46.0,150,0.0,0.1,0.0576,instagram,All-Devices,8.5,5.6,47.79,Morning,5,19.6,2027-03-10,2027-03-10,0.1,0.8828,5.6,1,0.1786,0.143,0.0576,64,Declining,Urban,Fall,2027-03-10,2026-08-03T15:45:00,v2.0,Demo
AD_0434,Food,All-Devices,Karnataka,Image,1.18,0.0,36,1081,0.0341,0.0,42.48,46.25,1.09,1,0.0294,0.0294,37.0,1081,0.0,0.1,0.083,instagram,All-Devices,1.1,42.48,46.25,Evening,1,19.8,2027-03-11,2027-03-11,0.14,0.0815,42.48,0,0.0235,0.17,0.083,22,Growing,Semi-Urban,Spring,2027-03-11,2026-08-03T15:45:00,v2.0,Demo
AD_0435,Food,Mobile,Maharashtra,Video,0.89,5.7,11,894,0.0129,4.7,9.79,53.62,5.48,1,0.0313,0.0313,53.0,894,0.83,0.17,0.0762,other,Mobile,5.62,9.79,53.62,Night,5,20.2,2027-03-12,2027-03-12,0.54,0.8174,9.79,0,0.1021,0.48,0.0762,15,New,Urban,Spring,2027-03-12,2026-08-03T15:45:00,v2.0,Demo
AD_0436,Food,Mobile,Karnataka,Carousel,0.39,0.0,16,1273,0.0131,0.0,6.24,0.0,0.0,0,0.0213,0.0213,58.0,1273,0.0,0.15,0.0697,facebook,Mobile,0.0,6.24,0.0,Evening,2,14.3,2027-03-13,2027-03-13,0.17,-1.0,0.0,0,0.0,0.066,0.0697,105,Growing,Semi-Urban,Winter,2027-03-13,2026-08-03T15:45:00,v2.0,Demo
AD_0437,Gaming,Desktop,Delhi,Video,0.77,7.7,2,136,0.0192,1.2,1.54,40.01,25.98,1,0.0356,0.0356,51.0,136,0.16,0.09,0.0202,google,Desktop,28.31,1.54,40.01,Afternoon,5,16.5,2027-03-14,2027-03-14,0.23,0.9615,1.54,0,0.6494,0.176,0.0202,56,Mature,Rural,Spring,2027-03-14,2026-08-03T15:45:00,v2.0,Demo
AD_0438,Food,Desktop,Tamil Nadu,Text,0.91,0.0,3,92,0.0345,0.0,2.73,0.0,0.0,0,0.0121,0.0121,44.0,92,0.0,0.12,0.0749,other,Desktop,0.0,2.73,0.0,Morning,3,17.9,2027-03-15,2027-03-15,0.19,-1.0,0.0,0,0.0,0.173,0.0749,74,Mature,Urban,Fall,2027-03-15,2026-08-03T15:45:00,v2.0,Demo
AD_0439,Travel,Desktop,Uttar Pradesh,Video,1.32,43.1,19,1458,0.0131,17.7,25.08,0.0,0.0,0,0.0095,0.0095,43.0,1458,0.41,0.06,0.055,google,Desktop,0.0,25.08,0.0,Morning,1,8.8,2027-03-16,2027-03-16,0.2,-1.0,0.0,0,0.0,0.27,0.055,20,Growing,Urban,Winter,2027-03-16,2026-08-03T15:45:00,v2.0,Demo
AD_0440,Gaming,Mobile,Maharashtra,Video,0.8,10.5,7,457,0.0172,7.6,5.6,0.0,0.0,0,0.015,0.015,54.0,457,0.72,0.18,0.0905,google,Mobile,0.0,5.6,0.0,Evening,6,15.4,2027-03-17,2027-03-17,0.56,-1.0,0.0,0,0.0,0.446,0.0905,105,Growing,Urban,Fall,2027-03-17,2026-08-03T15:45:00,v2.0,Demo
AD_0441,Food,Tablet,Uttar Pradesh,Text,1.36,0.0,22,713,0.0317,0.0,29.92,0.0,0.0,0,0.0236,0.0236,41.0,713,0.0,0.19,0.0928,facebook,Tablet,0.0,29.92,0.0,Night,3,7.5,2027-03-18,2027-03-18,0.12,-1.0,0.0,0,0.0,0.158,0.0928,47,Declining,Urban,Fall,2027-03-18,2026-08-03T15:45:00,v2.0,Demo
AD_0442,Travel,Tablet,Delhi,Text,1.06,0.0,5,1090,0.0051,0.0,5.3,0.0,0.0,0,0.0229,0.0229,52.0,1090,0.0,0.2,0.015,facebook,Tablet,0.0,5.3,0.0,Evening,7,14.0,2027-03-19,2027-03-19,0.02,-1.0,0.0,0,0.0,0.026,0.015,87,Growing,Urban,Fall,2027-03-19,2026-08-03T15:45:00,v2.0,Demo
AD_0443,Health,Mobile,Uttar Pradesh,Text,0.33,0.0,1,197,0.0062,0.0,0.33,0.0,0.0,0,0.0337,0.0337,39.0,197,0.0,0.18,0.0839,other,Mobile,0.0,0.33,0.0,Afternoon,3,9.2,2027-03-20,2027-03-20,0.09,-1.0,0.0,0,0.0,0.031,0.0839,53,Growing,Urban,Spring,2027-03-20,2026-08-03T15:45:00,v2.0,Demo
AD_0444,Food,Mobile,Maharashtra,Video,1.49,7.5,7,326,0.0231,1.4,10.43,92.84,8.9,1,0.0192,0.0192,21.0,326,0.19,0.08,0.0134,facebook,Mobile,9.03,10.43,92.84,Night,7,9.6,2027-03-21,2027-03-21,0.14,0.8877,10.43,1,0.0959,0.21,0.0134,53,Declining,Rural,Spring,2027-03-21,2026-08-03T15:45:00,v2.0,Demo
AD_0445,Gaming,Mobile,Delhi,Video,0.86,14.0,9,281,0.0322,6.6,7.74,49.34,6.37,1,0.022,0.022,34.0,281,0.47,0.06,0.043,facebook,Mobile,6.29,7.74,49.34,Night,1,12.1,2027-03-22,2027-03-22,0.46,0.8431,7.74,1,0.1292,0.396,0.043,1,Growing,Rural,Fall,2027-03-22,2026-08-03T15:45:00,v2.0,Demo
AD_0446,Fashion,Mobile,Uttar Pradesh,Text,0.68,0.0,5,415,0.0122,0.0,3.4,0.0,0.0,0,0.0055,0.0055,37.0,415,0.0,0.14,0.0588,other,Mobile,0.0,3.4,0.0,Evening,6,13.1,2027-03-23,2027-03-23,0.09,-1.0,0.0,0,0.0,0.061,0.0588,2,Mature,Semi-Urban,Summer,2027-03-23,2026-08-03T15:45:00,v2.0,Demo
AD_0447,Food,Mobile,Tamil Nadu,Carousel,1.04,0.0,24,1301,0.0191,0.0,24.96,62.73,2.51,1,0.0193,0.0193,24.0,1301,0.0,0.19,0.0233,facebook,Mobile,2.63,24.96,62.73,Afternoon,3,15.7,2027-03-24,2027-03-24,0.09,0.6021,24.96,0,0.0401,0.096,0.0233,58,Growing,Urban,Fall,2027-03-24,2026-08-03T15:45:00,v2.0,Demo
AD_0448,Fashion,Mobile,Delhi,Carousel,0.3,0.0,8,485,0.0185,0.0,2.4,38.87,16.2,1,0.0277,0.0277,22.0,485,0.0,0.08,0.0772,instagram,Mobile,16.8,2.4,38.87,Night,7,8.0,2027-03-25,2027-03-25,0.31,0.9383,2.4,0,0.4167,0.092,0.0772,19,New,Semi-Urban,Fall,2027-03-25,2026-08-03T15:45:00,v2.0,Demo
AD_0449,Travel,Desktop,Delhi,Image,1.01,0.0,8,448,0.0192,0.0,8.08,40.48,5.01,1,0.0055,0.0055,40.0,448,0.0,0.05,0.0108,google,Desktop,5.34,8.08,40.48,Morning,6,14.1,2027-03-26,2027-03-26,0.1,0.8004,8.08,0,0.1238,0.096,0.0108,62,Mature,Semi-Urban,Winter,2027-03-26,2026-08-03T15:45:00,v2.0,Demo
AD_0450,Health,Desktop,Tamil Nadu,Text,0.82,0.0,30,1284,0.0237,0.0,24.6,52.88,2.15,1,0.0148,0.0148,22.0,1284,0.0,0.17,0.0252,google,Desktop,2.04,24.6,52.88,Afternoon,4,9.6,2027-03-27,2027-03-27,0.14,0.5348,24.6,1,0.0407,0.118,0.0252,78,Declining,Rural,Fall,2027-03-27,2026-08-03T15:45:00,v2.0,Demo
AD_0451,Electronics,Desktop,Karnataka,Image,0.7,0.0,27,1464,0.0191,0.0,18.9,0.0,0.0,0,0.0123,0.0123,31.0,1464,0.0,0.06,0.0623,google,Desktop,0.0,18.9,0.0,Night,4,15.0,2027-03-28,2027-03-28,0.14,-1.0,0.0,0,0.0,0.096,0.0623,72,Mature,Semi-Urban,Spring,2027-03-28,2026-08-03T15:45:00,v2.0,Demo
AD_0452,Health,Desktop,Maharashtra,Carousel,1.44,0.0,10,548,0.0184,0.0,14.4,77.7,5.4,1,0.0065,0.0065,49.0,548,0.0,0.11,0.0743,google,Desktop,5.49,14.4,77.7,Evening,4,15.9,2027-03-29,2027-03-29,0.06,0.8147,14.4,0,0.0694,0.092,0.0743,102,Declining,Rural,Winter,2027-03-29,2026-08-03T15:45:00,v2.0,Demo
AD_0453,Food,Mobile,Karnataka,Image,0.86,0.0,11,589,0.0192,0.0,9.46,0.0,0.0,0,0.0218,0.0218,59.0,589,0.0,0.15,0.0925,other,Mobile,0.0,9.46,0.0,Night,5,14.8,2027-03-30,2027-03-30,0.11,-1.0,0.0,0,0.0,0.096,0.0925,12,New,Semi-Urban,Summer,2027-03-30,2026-08-03T15:45:00,v2.0,Demo
AD_0454,Fashion,Tablet,Uttar Pradesh,Text,0.45,0.0,13,612,0.0227,0.0,5.85,0.0,0.0,0,0.0114,0.0114,48.0,612,0.0,0.09,0.0735,google,Tablet,0.0,5.85,0.0,Morning,3,17.3,2027-03-31,2027-03-31,0.25,-1.0,0.0,0,0.0,0.114,0.0735,26,New,Urban,Winter,2027-03-31,2026-08-03T15:45:00,v2.0,Demo
AD_0455,Fashion,All-Devices,Tamil Nadu,Text,0.77,0.0,10,491,0.0211,0.0,7.7,0.0,0.0,0,0.031,0.031,60.0,491,0.0,0.06,0.0705,google,All-Devices,0.0,7.7,0.0,Afternoon,1,11.7,2027-04-01,2027-04-01,0.14,-1.0,0.0,0,0.0,0.106,0.0705,27,Mature,Semi-Urban,Summer,2027-04-01,2026-08-03T15:45:00,v2.0,Demo
AD_0456,Gaming,Mobile,Karnataka,Text,1.39,0.0,40,1334,0.0306,0.0,55.6,45.49,0.82,1,0.0347,0.0347,47.0,1334,0.0,0.17,0.0455,google,Mobile,0.76,55.6,45.49,Night,1,17.7,2027-04-02,2027-04-02,0.11,-0.2222,55.6,0,0.018,0.153,0.0455,29,Growing,Rural,Winter,2027-04-02,2026-08-03T15:45:00,v2.0,Demo
AD_0457,Fashion,All-Devices,Delhi,Video,0.39,32.0,5,822,0.0065,9.0,1.95,0.0,0.0,0,0.0241,0.0241,30.0,822,0.28,0.14,0.0101,google,All-Devices,0.0,1.95,0.0,Morning,5,13.1,2027-04-03,2027-04-03,0.44,-1.0,0.0,0,0.0,0.173,0.0101,15,Mature,Rural,Winter,2027-04-03,2026-08-03T15:45:00,v2.0,Demo
AD_0458,Gaming,Tablet,Uttar Pradesh,Image,0.44,0.0,11,399,0.03,0.0,4.84,80.25,16.58,1,0.0394,0.0394,46.0,399,0.0,0.2,0.0208,instagram,Tablet,15.27,4.84,80.25,Night,1,13.8,2027-04-04,2027-04-04,0.34,0.9397,4.84,1,0.2066,0.15,0.0208,46,Mature,Rural,Summer,2027-04-04,2026-08-03T15:45:00,v2.0,Demo
AD_0459,Travel,Desktop,Uttar Pradesh,Carousel,0.17,0.0,43,1425,0.0303,0.0,7.31,0.0,0.0,0,0.0208,0.0208,47.0,1425,0.0,0.1,0.0581,google,Desktop,0.0,7.31,0.0,Night,7,16.1,2027-04-05,2027-04-05,0.89,-1.0,0.0,0,0.0,0.152,0.0581,117,New,Semi-Urban,Spring,2027-04-05,2026-08-03T15:45:00,v2.0,Demo
AD_0460,Electronics,Tablet,Karnataka,Carousel,0.17,0.0,7,569,0.0135,0.0,1.19,0.0,0.0,0,0.023,0.023,34.0,569,0.0,0.06,0.0708,instagram,Tablet,0.0,1.19,0.0,Afternoon,4,7.3,2027-04-06,2027-04-06,0.4,-1.0,0.0,0,0.0,0.068,0.0708,1,Declining,Semi-Urban,Spring,2027-04-06,2026-08-03T15:45:00,v2.0,Demo
AD_0461,Food,Mobile,Karnataka,Carousel,1.27,0.0,26,1393,0.0189,0.0,33.02,85.3,2.58,1,0.0396,0.0396,19.0,1393,0.0,0.16,0.0476,other,Mobile,2.81,33.02,85.3,Evening,3,16.2,2027-04-07,2027-04-07,0.07,0.6129,33.02,0,0.0303,0.094,0.0476,60,Mature,Rural,Spring,2027-04-07,2026-08-03T15:45:00,v2.0,Demo
AD_0462,Gaming,Desktop,Tamil Nadu,Video,1.14,18.1,3,187,0.0182,9.8,3.42,0.0,0.0,0,0.0131,0.0131,48.0,187,0.54,0.13,0.0758,facebook,Desktop,0.0,3.42,0.0,Evening,1,15.7,2027-04-08,2027-04-08,0.32,-1.0,0.0,0,0.0,0.361,0.0758,107,Growing,Urban,Winter,2027-04-08,2026-08-03T15:45:00,v2.0,Demo
AD_0463,Electronics,Mobile,Maharashtra,Video,0.63,5.8,12,1041,0.0116,1.3,7.56,58.72,7.77,1,0.038,0.038,19.0,1041,0.23,0.08,0.057,google,Mobile,7.07,7.56,58.72,Morning,1,11.3,2027-04-09,2027-04-09,0.27,0.8713,7.56,0,0.1323,0.173,0.057,92,New,Urban,Fall,2027-04-09,2026-08-03T15:45:00,v2.0,Demo
AD_0464,Fashion,Desktop,Karnataka,Text,1.09,0.0,7,417,0.0169,0.0,7.63,0.0,0.0,0,0.0065,0.0065,45.0,417,0.0,0.17,0.0167,facebook,Desktop,0.0,7.63,0.0,Morning,2,8.2,2027-04-10,2027-04-10,0.08,-1.0,0.0,0,0.0,0.084,0.0167,57,Mature,Semi-Urban,Winter,2027-04-10,2026-08-03T15:45:00,v2.0,Demo
AD_0465,Fashion,All-Devices,Karnataka,Carousel,0.68,0.0,8,1293,0.0063,0.0,5.44,0.0,0.0,0,0.0206,0.0206,25.0,1293,0.0,0.08,0.0273,facebook,All-Devices,0.0,5.44,0.0,Morning,2,8.3,2027-04-11,2027-04-11,0.05,-1.0,0.0,0,0.0,0.032,0.0273,3,Mature,Semi-Urban,Fall,2027-04-11,2026-08-03T15:45:00,v2.0,Demo
AD_0466,Electronics,All-Devices,Delhi,Video,1.44,39.6,18,1410,0.0133,27.7,25.92,48.07,1.85,1,0.0075,0.0075,42.0,1410,0.7,0.09,0.0856,other,All-Devices,1.83,25.92,48.07,Afternoon,2,19.9,2027-04-12,2027-04-12,0.29,0.4608,25.92,0,0.0386,0.416,0.0856,115,Growing,Rural,Fall,2027-04-12,2026-08-03T15:45:00,v2.0,Demo
AD_0467,Fashion,All-Devices,Uttar Pradesh,Text,1.46,0.0,38,1296,0.0295,0.0,55.48,58.35,1.05,1,0.0305,0.0305,39.0,1296,0.0,0.06,0.0752,facebook,All-Devices,1.07,55.48,58.35,Evening,3,16.6,2027-04-13,2027-04-13,0.1,0.0492,55.48,0,0.018,0.148,0.0752,18,Mature,Semi-Urban,Spring,2027-04-13,2026-08-03T15:45:00,v2.0,Demo
AD_0468,Travel,Tablet,Maharashtra,Carousel,0.68,0.0,5,409,0.0135,0.0,3.4,101.23,29.77,1,0.0263,0.0263,19.0,409,0.0,0.11,0.0905,instagram,Tablet,32.6,3.4,101.23,Morning,4,8.8,2027-04-14,2027-04-14,0.1,0.9664,3.4,0,0.2941,0.068,0.0905,52,Mature,Semi-Urban,Fall,2027-04-14,2026-08-03T15:45:00,v2.0,Demo
AD_0469,Travel,Mobile,Delhi,Image,1.3,0.0,28,970,0.0295,0.0,36.4,112.42,3.09,1,0.0297,0.0297,33.0,970,0.0,0.11,0.0206,facebook,Mobile,3.11,36.4,112.42,Morning,6,12.0,2027-04-15,2027-04-15,0.11,0.6762,36.4,1,0.0275,0.148,0.0206,60,Mature,Rural,Winter,2027-04-15,2026-08-03T15:45:00,v2.0,Demo
AD_0470,Electronics,Tablet,Tamil Nadu,Text,1.19,0.0,7,378,0.0209,0.0,8.33,62.38,7.49,1,0.0181,0.0181,43.0,378,0.0,0.13,0.0991,facebook,Tablet,8.1,8.33,62.38,Night,4,15.3,2027-04-16,2027-04-16,0.09,0.8665,8.33,1,0.12,0.104,0.0991,34,Mature,Rural,Winter,2027-04-16,2026-08-03T15:45:00,v2.0,Demo
AD_0471,Gaming,All-Devices,Tamil Nadu,Video,0.57,10.6,31,1011,0.0314,7.4,17.67,57.63,3.26,1,0.0179,0.0179,54.0,1011,0.7,0.16,0.0288,facebook,All-Devices,2.99,17.67,57.63,Night,4,18.7,2027-04-17,2027-04-17,0.89,0.6934,17.67,1,0.0566,0.507,0.0288,96,Growing,Semi-Urban,Spring,2027-04-17,2026-08-03T15:45:00,v2.0,Demo
AD_0472,Gaming,Mobile,Karnataka,Video,0.46,22.6,11,512,0.0222,11.1,5.06,0.0,0.0,0,0.0066,0.0066,55.0,512,0.49,0.19,0.0111,google,Mobile,0.0,5.06,0.0,Morning,3,7.6,2027-04-18,2027-04-18,0.77,-1.0,0.0,0,0.0,0.356,0.0111,93,Mature,Urban,Summer,2027-04-18,2026-08-03T15:45:00,v2.0,Demo
AD_0473,Electronics,All-Devices,Karnataka,Text,0.77,0.0,5,995,0.0059,0.0,3.85,91.06,23.65,1,0.0172,0.0172,38.0,995,0.0,0.07,0.0998,google,All-Devices,23.37,3.85,91.06,Night,7,10.3,2027-04-19,2027-04-19,0.04,0.9577,3.85,0,0.2597,0.03,0.0998,89,Mature,Semi-Urban,Winter,2027-04-19,2026-08-03T15:45:00,v2.0,Demo
AD_0474,Gaming,Tablet,Tamil Nadu,Text,1.2,0.0,25,1012,0.0253,0.0,30.0,0.0,0.0,0,0.0375,0.0375,49.0,1012,0.0,0.06,0.0353,instagram,Tablet,0.0,30.0,0.0,Night,7,19.5,2027-04-20,2027-04-20,0.11,-1.0,0.0,0,0.0,0.126,0.0353,60,Mature,Urban,Fall,2027-04-20,2026-08-03T15:45:00,v2.0,Demo
AD_0475,Gaming,Tablet,Karnataka,Video,1.45,9.6,9,1455,0.0063,7.7,13.05,0.0,0.0,0,0.0183,0.0183,31.0,1455,0.8,0.05,0.0701,instagram,Tablet,0.0,13.05,0.0,Night,3,7.1,2027-04-21,2027-04-21,0.3,-1.0,0.0,0,0.0,0.432,0.0701,26,New,Urban,Winter,2027-04-21,2026-08-03T15:45:00,v2.0,Demo
AD_0476,Travel,Tablet,Maharashtra,Image,1.18,0.0,16,885,0.0185,0.0,18.88,59.31,3.14,1,0.0341,0.0341,32.0,885,0.0,0.07,0.0259,google,Tablet,3.45,18.88,59.31,Afternoon,2,9.8,2027-04-22,2027-04-22,0.08,0.6817,18.88,0,0.053,0.092,0.0259,103,Growing,Urban,Winter,2027-04-22,2026-08-03T15:45:00,v2.0,Demo
AD_0477,Gaming,All-Devices,Karnataka,Carousel,1.3,0.0,7,218,0.0329,0.0,9.1,0.0,0.0,0,0.0345,0.0345,26.0,218,0.0,0.15,0.0622,instagram,All-Devices,0.0,9.1,0.0,Morning,1,20.4,2027-04-23,2027-04-23,0.13,-1.0,0.0,0,0.0,0.164,0.0622,72,New,Rural,Winter,2027-04-23,2026-08-03T15:45:00,v2.0,Demo
AD_0478,Health,Mobile,Uttar Pradesh,Image,0.96,0.0,2,266,0.01,0.0,1.92,0.0,0.0,0,0.0181,0.0181,42.0,266,0.0,0.16,0.0914,google,Mobile,0.0,1.92,0.0,Morning,5,15.6,2027-04-24,2027-04-24,0.05,-1.0,0.0,0,0.0,0.05,0.0914,19,New,Rural,Summer,2027-04-24,2026-08-03T15:45:00,v2.0,Demo
AD_0479,Food,Mobile,Karnataka,Text,1.28,0.0,7,427,0.0167,0.0,8.96,0.0,0.0,0,0.0271,0.0271,31.0,427,0.0,0.17,0.0388,other,Mobile,0.0,8.96,0.0,Night,5,10.7,2027-04-25,2027-04-25,0.06,-1.0,0.0,0,0.0,0.083,0.0388,118,Growing,Rural,Fall,2027-04-25,2026-08-03T15:45:00,v2.0,Demo
AD_0480,Fashion,All-Devices,Delhi,Image,1.21,0.0,4,168,0.0269,0.0,4.84,72.26,14.93,1,0.0083,0.0083,22.0,168,0.0,0.09,0.0703,facebook,All-Devices,15.24,4.84,72.26,Afternoon,6,7.9,2027-04-26,2027-04-26,0.11,0.933,4.84,1,0.2066,0.134,0.0703,111,New,Semi-Urban,Spring,2027-04-26,2026-08-03T15:45:00,v2.0,Demo
AD_0481,Health,Mobile,Maharashtra,Video,0.66,29.2,7,239,0.0315,11.1,4.62,0.0,0.0,0,0.0086,0.0086,47.0,239,0.38,0.1,0.0269,facebook,Mobile,0.0,4.62,0.0,Night,1,7.4,2027-04-27,2027-04-27,0.53,-1.0,0.0,0,0.0,0.348,0.0269,106,New,Rural,Winter,2027-04-27,2026-08-03T15:45:00,v2.0,Demo
AD_0482,Gaming,All-Devices,Delhi,Text,0.9,0.0,20,816,0.0251,0.0,18.0,0.0,0.0,0,0.0067,0.0067,48.0,816,0.0,0.12,0.0662,instagram,All-Devices,0.0,18.0,0.0,Afternoon,6,10.4,2027-04-28,2027-04-28,0.14,-1.0,0.0,0,0.0,0.126,0.0662,22,New,Rural,Fall,2027-04-28,2026-08-03T15:45:00,v2.0,Demo
AD_0483,Travel,Mobile,Delhi,Carousel,1.24,0.0,5,419,0.0127,0.0,6.2,30.94,4.99,1,0.0253,0.0253,33.0,419,0.0,0.06,0.0403,google,Mobile,5.23,6.2,30.94,Morning,2,19.3,2027-04-29,2027-04-29,0.05,0.7996,6.2,0,0.1613,0.064,0.0403,93,Growing,Semi-Urban,Fall,2027-04-29,2026-08-03T15:45:00,v2.0,Demo
AD_0484,Electronics,Desktop,Uttar Pradesh,Video,0.21,43.1,4,198,0.0252,28.0,0.84,110.56,131.62,1,0.0199,0.0199,21.0,198,0.65,0.14,0.029,google,Desktop,138.74,0.84,110.56,Night,6,12.8,2027-04-30,2027-04-30,2.15,0.9924,0.84,1,1.1905,0.451,0.029,33,Mature,Semi-Urban,Spring,2027-04-30,2026-08-03T15:45:00,v2.0,Demo
AD_0485,Gaming,Desktop,Maharashtra,Video,1.24,35.2,9,701,0.0139,19.7,11.16,0.0,0.0,0,0.0242,0.0242,36.0,701,0.56,0.2,0.0382,instagram,Desktop,0.0,11.16,0.0,Morning,1,17.1,2027-05-01,2027-05-01,0.28,-1.0,0.0,0,0.0,0.35,0.0382,38,Declining,Urban,Winter,2027-05-01,2026-08-03T15:45:00,v2.0,Demo
AD_0486,Travel,Tablet,Maharashtra,Carousel,0.39,0.0,21,819,0.0266,0.0,8.19,100.73,12.3,1,0.0232,0.0232,37.0,819,0.0,0.1,0.0261,google,Tablet,11.82,8.19,100.73,Afternoon,1,19.9,2027-05-02,2027-05-02,0.34,0.9187,8.19,1,0.1221,0.133,0.0261,109,Declining,Semi-Urban,Summer,2027-05-02,2026-08-03T15:45:00,v2.0,Demo
AD_0487,Food,Desktop,Maharashtra,Carousel,0.84,0.0,14,423,0.0336,0.0,11.76,0.0,0.0,0,0.0173,0.0173,46.0,423,0.0,0.16,0.0912,other,Desktop,0.0,11.76,0.0,Evening,5,12.7,2027-05-03,2027-05-03,0.2,-1.0,0.0,0,0.0,0.168,0.0912,110,Growing,Semi-Urban,Fall,2027-05-03,2026-08-03T15:45:00,v2.0,Demo
AD_0488,Gaming,Desktop,Maharashtra,Image,1.24,0.0,22,830,0.0266,0.0,27.28,60.77,2.23,1,0.0287,0.0287,31.0,830,0.0,0.13,0.0457,facebook,Desktop,2.3,27.28,60.77,Afternoon,7,9.7,2027-05-04,2027-05-04,0.11,0.5511,27.28,1,0.0367,0.133,0.0457,35,Declining,Rural,Spring,2027-05-04,2026-08-03T15:45:00,v2.0,Demo
AD_0489,Electronics,Desktop,Maharashtra,Text,0.49,0.0,6,209,0.0309,0.0,2.94,0.0,0.0,0,0.0315,0.0315,47.0,209,0.0,0.07,0.0321,instagram,Desktop,0.0,2.94,0.0,Evening,2,14.2,2027-05-05,2027-05-05,0.31,-1.0,0.0,0,0.0,0.154,0.0321,107,Growing,Urban,Summer,2027-05-05,2026-08-03T15:45:00,v2.0,Demo
AD_0490,Travel,All-Devices,Uttar Pradesh,Carousel,0.48,0.0,2,400,0.0051,0.0,0.96,0.0,0.0,0,0.0055,0.0055,55.0,400,0.0,0.14,0.0504,instagram,All-Devices,0.0,0.96,0.0,Morning,3,19.7,2027-05-06,2027-05-06,0.05,-1.0,0.0,0,0.0,0.026,0.0504,67,Growing,Urban,Fall,2027-05-06,2026-08-03T15:45:00,v2.0,Demo
AD_0491,Travel,Desktop,Karnataka,Carousel,0.69,0.0,36,1361,0.0265,0.0,24.84,50.4,2.03,1,0.0123,0.0123,28.0,1361,0.0,0.09,0.0388,google,Desktop,2.12,24.84,50.4,Morning,6,18.3,2027-05-07,2027-05-07,0.19,0.5071,24.84,1,0.0403,0.132,0.0388,83,Declining,Semi-Urban,Winter,2027-05-07,2026-08-03T15:45:00,v2.0,Demo
AD_0492,Travel,Desktop,Delhi,Text,1.36,0.0,40,1361,0.0299,0.0,54.4,81.02,1.49,1,0.03,0.03,59.0,1361,0.0,0.06,0.077,instagram,Desktop,1.41,54.4,81.02,Night,5,7.9,2027-05-08,2027-05-08,0.11,0.3286,54.4,0,0.0184,0.15,0.077,10,New,Rural,Fall,2027-05-08,2026-08-03T15:45:00,v2.0,Demo
AD_0493,Food,Tablet,Maharashtra,Carousel,0.15,0.0,5,941,0.0062,0.0,0.75,0.0,0.0,0,0.0185,0.0185,34.0,941,0.0,0.15,0.0974,other,Tablet,0.0,0.75,0.0,Evening,6,16.7,2027-05-09,2027-05-09,0.21,-1.0,0.0,0,0.0,0.031,0.0974,91,Mature,Rural,Summer,2027-05-09,2026-08-03T15:45:00,v2.0,Demo
AD_0494,Gaming,Desktop,Karnataka,Carousel,1.37,0.0,40,1299,0.0311,0.0,54.8,84.93,1.55,1,0.0282,0.0282,29.0,1299,0.0,0.18,0.0494,google,Desktop,1.56,54.8,84.93,Afternoon,6,15.0,2027-05-10,2027-05-10,0.11,0.3548,54.8,0,0.0182,0.156,0.0494,15,Declining,Rural,Summer,2027-05-10,2026-08-03T15:45:00,v2.0,Demo
AD_0495,Food,Desktop,Karnataka,Image,0.36,0.0,7,572,0.0127,0.0,2.52,0.0,0.0,0,0.0171,0.0171,36.0,572,0.0,0.1,0.0875,google,Desktop,0.0,2.52,0.0,Morning,3,19.7,2027-05-11,2027-05-11,0.18,-1.0,0.0,0,0.0,0.064,0.0875,11,Declining,Rural,Winter,2027-05-11,2026-08-03T15:45:00,v2.0,Demo
AD_0496,Fashion,Mobile,Delhi,Video,1.49,21.1,14,571,0.025,13.7,20.86,40.48,1.94,1,0.0187,0.0187,22.0,571,0.65,0.11,0.0609,google,Mobile,1.99,20.86,40.48,Evening,2,8.7,2027-05-12,2027-05-12,0.3,0.4847,20.86,0,0.0479,0.45,0.0609,111,Declining,Semi-Urban,Winter,2027-05-12,2026-08-03T15:45:00,v2.0,Demo
AD_0497,Fashion,Tablet,Uttar Pradesh,Video,1.44,36.7,24,832,0.029,15.8,34.56,41.44,1.2,1,0.0106,0.0106,23.0,832,0.43,0.18,0.0242,google,Tablet,1.11,34.56,41.44,Afternoon,1,14.5,2027-05-13,2027-05-13,0.25,0.166,34.56,0,0.0289,0.36,0.0242,90,Declining,Rural,Spring,2027-05-13,2026-08-03T15:45:00,v2.0,Demo
AD_0498,Gaming,Tablet,Tamil Nadu,Video,0.82,13.8,8,322,0.0249,4.6,6.56,47.04,7.17,1,0.014,0.014,35.0,322,0.33,0.17,0.0722,other,Tablet,7.39,6.56,47.04,Evening,4,19.3,2027-05-14,2027-05-14,0.35,0.8605,6.56,1,0.1524,0.29,0.0722,24,Growing,Urban,Winter,2027-05-14,2026-08-03T15:45:00,v2.0,Demo
AD_0499,Food,Tablet,Tamil Nadu,Video,0.84,12.4,7,985,0.0078,4.8,5.88,0.0,0.0,0,0.0262,0.0262,50.0,985,0.39,0.16,0.0562,google,Tablet,0.0,5.88,0.0,Afternoon,6,12.7,2027-05-15,2027-05-15,0.28,-1.0,0.0,0,0.0,0.234,0.0562,77,Growing,Urban,Spring,2027-05-15,2026-08-03T15:45:00,v2.0,Demo
